file,Bin packing + TSP,Clark-Wright + TSP,Sectorielle + TSP,Bin packing + Mix-Metaheuristic,Clark-Wright + Mix-Metaheuristic,Sectorielle + Mix-Metaheuristic
A_014_#ABS1_15_1.prp,1589.0,1920.0,1589.0,1589.0,1920.0,1589.0
A_014_ABS10_15_1.prp,1589.0,1920.0,1589.0,1589.0,1920.0,1589.0
A_014_ABS10_15_2.prp,1925.0,2019.0,1904.0,1925.0,1822.0,1904.0
A_014_ABS10_15_3.prp,1931.0,1685.0,1774.0,1737.0,1685.0,1774.0
A_014_ABS10_15_4.prp,1944.0,1723.0,1975.0,1944.0,1723.0,1975.0
A_014_ABS10_15_5.prp,1581.0,1581.0,1581.0,1581.0,1581.0,1581.0
A_014_ABS11_15_1.prp,1589.0,1920.0,1589.0,1589.0,1920.0,1589.0
A_014_ABS11_15_2.prp,1925.0,2019.0,1904.0,1925.0,1822.0,1904.0
A_014_ABS11_15_3.prp,1931.0,1685.0,1774.0,1737.0,1685.0,1774.0
A_014_ABS11_15_4.prp,1944.0,1723.0,1975.0,1944.0,1723.0,1975.0
A_014_ABS11_15_5.prp,1581.0,1581.0,1581.0,1581.0,1581.0,1581.0
A_014_ABS12_15_1.prp,2533.0,2294.0,2293.0,1589.0,1589.0,1930.0
A_014_ABS12_15_2.prp,2649.0,2061.0,2303.0,2198.0,1694.0,1969.0
A_014_ABS12_15_3.prp,2335.0,1857.0,2205.0,1755.0,1685.0,1785.0
A_014_ABS12_15_4.prp,2289.0,2029.0,2400.0,1723.0,1829.0,2092.0
A_014_ABS12_15_5.prp,2977.0,2111.0,2338.0,2272.0,2111.0,2272.0
A_014_ABS13_15_1.prp,3177.0,4252.0,3177.0,3177.0,3177.0,3177.0
A_014_ABS13_15_2.prp,3855.0,4044.0,3811.0,3855.0,3647.0,3811.0
A_014_ABS13_15_3.prp,3864.0,3366.0,3551.0,3474.0,3366.0,3551.0
A_014_ABS13_15_4.prp,3890.0,3443.0,3950.0,3890.0,3443.0,3950.0
A_014_ABS13_15_5.prp,3165.0,3165.0,3165.0,3165.0,3165.0,3165.0
A_014_ABS14_15_1.prp,3177.0,4252.0,3177.0,3177.0,3177.0,3177.0
A_014_ABS14_15_2.prp,3855.0,4044.0,3811.0,3855.0,3647.0,3811.0
A_014_ABS14_15_3.prp,3864.0,3366.0,3551.0,3474.0,3366.0,3551.0
A_014_ABS14_15_4.prp,3890.0,3443.0,3950.0,3890.0,3443.0,3950.0
A_014_ABS14_15_5.prp,3165.0,3165.0,3165.0,3165.0,3165.0,3165.0
A_014_ABS15_15_1.prp,5065.0,4616.0,4584.0,3177.0,3177.0,3861.0
A_014_ABS15_15_2.prp,5298.0,4127.0,4602.0,4398.0,3395.0,3937.0
A_014_ABS15_15_3.prp,4671.0,3712.0,4415.0,3504.0,3366.0,3573.0
A_014_ABS15_15_4.prp,4578.0,4059.0,4803.0,3443.0,3657.0,4183.0
A_014_ABS15_15_5.prp,5958.0,4227.0,4678.0,4544.0,4227.0,4544.0
A_014_ABS16_15_1.prp,3177.0,4252.0,3177.0,3177.0,3177.0,3177.0
A_014_ABS16_15_2.prp,3855.0,4044.0,3811.0,3855.0,3647.0,3811.0
A_014_ABS16_15_3.prp,3864.0,3366.0,3551.0,3474.0,3366.0,3551.0
A_014_ABS16_15_4.prp,3890.0,3443.0,3950.0,3890.0,3443.0,3950.0
A_014_ABS16_15_5.prp,3165.0,3165.0,3165.0,3165.0,3165.0,3165.0
A_014_ABS17_15_1.prp,3177.0,4252.0,3177.0,3177.0,3177.0,3177.0
A_014_ABS17_15_2.prp,3855.0,4044.0,3811.0,3855.0,3647.0,3811.0
A_014_ABS17_15_3.prp,3864.0,3366.0,3551.0,3474.0,3366.0,3551.0
A_014_ABS17_15_4.prp,3890.0,3443.0,3950.0,3890.0,3443.0,3950.0
A_014_ABS17_15_5.prp,3165.0,3165.0,3165.0,3165.0,3165.0,3165.0
A_014_ABS18_15_1.prp,5065.0,4616.0,4584.0,3177.0,3177.0,3861.0
A_014_ABS18_15_2.prp,5298.0,4127.0,4602.0,4398.0,3395.0,3937.0
A_014_ABS18_15_3.prp,4671.0,3712.0,4415.0,3504.0,3366.0,3573.0
A_014_ABS18_15_4.prp,4578.0,4059.0,4803.0,3443.0,3657.0,4183.0
A_014_ABS18_15_5.prp,5958.0,4227.0,4678.0,4544.0,4227.0,4544.0
A_014_ABS19_15_1.prp,3177.0,4252.0,3177.0,3177.0,3177.0,3177.0
A_014_ABS19_15_2.prp,3855.0,4044.0,3811.0,3855.0,3647.0,3811.0
A_014_ABS19_15_3.prp,3864.0,3366.0,3551.0,3474.0,3366.0,3551.0
A_014_ABS19_15_4.prp,3890.0,3443.0,3950.0,3890.0,3443.0,3950.0
A_014_ABS19_15_5.prp,3165.0,3165.0,3165.0,3165.0,3165.0,3165.0
A_014_ABS1_15_1.prp,1589.0,1920.0,1589.0,1589.0,1920.0,1589.0
A_014_ABS1_15_2.prp,1925.0,2019.0,1904.0,1925.0,1822.0,1904.0
A_014_ABS1_15_3.prp,1931.0,1685.0,1774.0,1737.0,1685.0,1774.0
A_014_ABS1_15_4.prp,1944.0,1723.0,1975.0,1944.0,1723.0,1975.0
A_014_ABS1_15_5.prp,1581.0,1581.0,1581.0,1581.0,1581.0,1581.0
A_014_ABS20_15_1.prp,3177.0,4252.0,3177.0,3177.0,3177.0,3177.0
A_014_ABS20_15_2.prp,3855.0,4044.0,3811.0,3855.0,3647.0,3811.0
A_014_ABS20_15_3.prp,3864.0,3366.0,3551.0,3474.0,3366.0,3551.0
A_014_ABS20_15_4.prp,3890.0,3443.0,3950.0,3890.0,3443.0,3950.0
A_014_ABS20_15_5.prp,3165.0,3165.0,3165.0,3165.0,3165.0,3165.0
A_014_ABS21_15_1.prp,5065.0,4616.0,4584.0,3177.0,3177.0,3861.0
A_014_ABS21_15_2.prp,5298.0,4127.0,4602.0,4398.0,3395.0,3937.0
A_014_ABS21_15_3.prp,4671.0,3712.0,4415.0,3504.0,3366.0,3573.0
A_014_ABS21_15_4.prp,4578.0,4059.0,4803.0,3443.0,3657.0,4183.0
A_014_ABS21_15_5.prp,5958.0,4227.0,4678.0,4544.0,4227.0,4544.0
A_014_ABS22_15_1.prp,3177.0,4252.0,3177.0,3177.0,3177.0,3177.0
A_014_ABS22_15_2.prp,3855.0,4044.0,3811.0,3855.0,3647.0,3811.0
A_014_ABS22_15_3.prp,3864.0,3366.0,3551.0,3474.0,3366.0,3551.0
A_014_ABS22_15_4.prp,3890.0,3443.0,3950.0,3890.0,3443.0,3950.0
A_014_ABS22_15_5.prp,3165.0,3165.0,3165.0,3165.0,3165.0,3165.0
A_014_ABS23_15_1.prp,3177.0,4252.0,3177.0,3177.0,3177.0,3177.0
A_014_ABS23_15_2.prp,3855.0,4044.0,3811.0,3855.0,3647.0,3811.0
A_014_ABS23_15_3.prp,3864.0,3366.0,3551.0,3474.0,3366.0,3551.0
A_014_ABS23_15_4.prp,3890.0,3443.0,3950.0,3890.0,3443.0,3950.0
A_014_ABS23_15_5.prp,3165.0,3165.0,3165.0,3165.0,3165.0,3165.0
A_014_ABS24_15_1.prp,5065.0,4616.0,4584.0,3177.0,3177.0,3861.0
A_014_ABS24_15_2.prp,5298.0,4127.0,4602.0,4398.0,3395.0,3937.0
A_014_ABS24_15_3.prp,4671.0,3712.0,4415.0,3504.0,3366.0,3573.0
A_014_ABS24_15_4.prp,4578.0,4059.0,4803.0,3443.0,3657.0,4183.0
A_014_ABS24_15_5.prp,5958.0,4227.0,4678.0,4544.0,4227.0,4544.0
A_014_ABS25_15_1.prp,1589.0,1920.0,1589.0,1589.0,1920.0,1589.0
A_014_ABS25_15_2.prp,1925.0,2019.0,1904.0,1925.0,1822.0,1904.0
A_014_ABS25_15_3.prp,1931.0,1685.0,1774.0,1737.0,1685.0,1774.0
A_014_ABS25_15_4.prp,1944.0,1723.0,1975.0,1944.0,1723.0,1975.0
A_014_ABS25_15_5.prp,1581.0,1581.0,1581.0,1581.0,1581.0,1581.0
A_014_ABS26_15_1.prp,1589.0,1920.0,1589.0,1589.0,1920.0,1589.0
A_014_ABS26_15_2.prp,1925.0,2019.0,1904.0,1925.0,1822.0,1904.0
A_014_ABS26_15_3.prp,1931.0,1685.0,1774.0,1737.0,1685.0,1774.0
A_014_ABS26_15_4.prp,1944.0,1723.0,1975.0,1944.0,1723.0,1975.0
A_014_ABS26_15_5.prp,1581.0,1581.0,1581.0,1581.0,1581.0,1581.0
A_014_ABS27_15_1.prp,2533.0,2294.0,2293.0,1589.0,1589.0,1930.0
A_014_ABS27_15_2.prp,2649.0,2061.0,2303.0,2198.0,1694.0,1969.0
A_014_ABS27_15_3.prp,2335.0,1857.0,2205.0,1755.0,1685.0,1785.0
A_014_ABS27_15_4.prp,2289.0,2029.0,2400.0,1723.0,1829.0,2092.0
A_014_ABS27_15_5.prp,2977.0,2111.0,2338.0,2272.0,2111.0,2272.0
A_014_ABS28_15_1.prp,1589.0,1920.0,1589.0,1589.0,1920.0,1589.0
A_014_ABS28_15_2.prp,1925.0,2019.0,1904.0,1925.0,1822.0,1904.0
A_014_ABS28_15_3.prp,1931.0,1685.0,1774.0,1737.0,1685.0,1774.0
A_014_ABS28_15_4.prp,1944.0,1723.0,1975.0,1944.0,1723.0,1975.0
A_014_ABS28_15_5.prp,1581.0,1581.0,1581.0,1581.0,1581.0,1581.0
A_014_ABS29_15_1.prp,1589.0,1920.0,1589.0,1589.0,1920.0,1589.0
A_014_ABS29_15_2.prp,1925.0,2019.0,1904.0,1925.0,1822.0,1904.0
A_014_ABS29_15_3.prp,1931.0,1685.0,1774.0,1737.0,1685.0,1774.0
A_014_ABS29_15_4.prp,1944.0,1723.0,1975.0,1944.0,1723.0,1975.0
A_014_ABS29_15_5.prp,1581.0,1581.0,1581.0,1581.0,1581.0,1581.0
A_014_ABS2_15_1.prp,1589.0,1920.0,1589.0,1589.0,1920.0,1589.0
A_014_ABS2_15_2.prp,1925.0,2019.0,1904.0,1925.0,1822.0,1904.0
A_014_ABS2_15_3.prp,1931.0,1685.0,1774.0,1737.0,1685.0,1774.0
A_014_ABS2_15_4.prp,1944.0,1723.0,1975.0,1944.0,1723.0,1975.0
A_014_ABS2_15_5.prp,1581.0,1581.0,1581.0,1581.0,1581.0,1581.0
A_014_ABS30_15_1.prp,2533.0,2294.0,2293.0,1589.0,1589.0,1930.0
A_014_ABS30_15_2.prp,2649.0,2061.0,2303.0,2198.0,1694.0,1969.0
A_014_ABS30_15_3.prp,2335.0,1857.0,2205.0,1755.0,1685.0,1785.0
A_014_ABS30_15_4.prp,2289.0,2029.0,2400.0,1723.0,1829.0,2092.0
A_014_ABS30_15_5.prp,2977.0,2111.0,2338.0,2272.0,2111.0,2272.0
A_014_ABS31_15_1.prp,1589.0,1920.0,1589.0,1589.0,1920.0,1589.0
A_014_ABS31_15_2.prp,1925.0,2019.0,1904.0,1925.0,1822.0,1904.0
A_014_ABS31_15_3.prp,1931.0,1685.0,1774.0,1737.0,1685.0,1774.0
A_014_ABS31_15_4.prp,1944.0,1723.0,1975.0,1944.0,1723.0,1975.0
A_014_ABS31_15_5.prp,1581.0,1581.0,1581.0,1581.0,1581.0,1581.0
A_014_ABS32_15_1.prp,1589.0,1920.0,1589.0,1589.0,1920.0,1589.0
A_014_ABS32_15_2.prp,1925.0,2019.0,1904.0,1925.0,1822.0,1904.0
A_014_ABS32_15_3.prp,1931.0,1685.0,1774.0,1737.0,1685.0,1774.0
A_014_ABS32_15_4.prp,1944.0,1723.0,1975.0,1944.0,1723.0,1975.0
A_014_ABS32_15_5.prp,1581.0,1581.0,1581.0,1581.0,1581.0,1581.0
A_014_ABS33_15_1.prp,2533.0,2294.0,2293.0,1589.0,1589.0,1930.0
A_014_ABS33_15_2.prp,2649.0,2061.0,2303.0,2198.0,1694.0,1969.0
A_014_ABS33_15_3.prp,2335.0,1857.0,2205.0,1755.0,1685.0,1785.0
A_014_ABS33_15_4.prp,2289.0,2029.0,2400.0,1723.0,1829.0,2092.0
A_014_ABS33_15_5.prp,2977.0,2111.0,2338.0,2272.0,2111.0,2272.0
A_014_ABS34_15_1.prp,1589.0,1920.0,1589.0,1589.0,1920.0,1589.0
A_014_ABS34_15_2.prp,1925.0,2019.0,1904.0,1925.0,1822.0,1904.0
A_014_ABS34_15_3.prp,1931.0,1685.0,1774.0,1737.0,1685.0,1774.0
A_014_ABS34_15_4.prp,1944.0,1723.0,1975.0,1944.0,1723.0,1975.0
A_014_ABS34_15_5.prp,1581.0,1581.0,1581.0,1581.0,1581.0,1581.0
A_014_ABS35_15_1.prp,1589.0,1920.0,1589.0,1589.0,1920.0,1589.0
A_014_ABS35_15_2.prp,1925.0,2019.0,1904.0,1925.0,1822.0,1904.0
A_014_ABS35_15_3.prp,1931.0,1685.0,1774.0,1737.0,1685.0,1774.0
A_014_ABS35_15_4.prp,1944.0,1723.0,1975.0,1944.0,1723.0,1975.0
A_014_ABS35_15_5.prp,1581.0,1581.0,1581.0,1581.0,1581.0,1581.0
A_014_ABS36_15_1.prp,2533.0,2294.0,2293.0,1589.0,1589.0,1930.0
A_014_ABS36_15_2.prp,2649.0,2061.0,2303.0,2198.0,1694.0,1969.0
A_014_ABS36_15_3.prp,2335.0,1857.0,2205.0,1755.0,1685.0,1785.0
A_014_ABS36_15_4.prp,2289.0,2029.0,2400.0,1723.0,1829.0,2092.0
A_014_ABS36_15_5.prp,2977.0,2111.0,2338.0,2272.0,2111.0,2272.0
A_014_ABS37_15_1.prp,3177.0,4252.0,3177.0,3177.0,3177.0,3177.0
A_014_ABS37_15_2.prp,3855.0,4044.0,3811.0,3855.0,3647.0,3811.0
A_014_ABS37_15_3.prp,3864.0,3366.0,3551.0,3474.0,3366.0,3551.0
A_014_ABS37_15_4.prp,3890.0,3443.0,3950.0,3890.0,3443.0,3950.0
A_014_ABS37_15_5.prp,3165.0,3165.0,3165.0,3165.0,3165.0,3165.0
A_014_ABS38_15_1.prp,3177.0,4252.0,3177.0,3177.0,3177.0,3177.0
A_014_ABS38_15_2.prp,3855.0,4044.0,3811.0,3855.0,3647.0,3811.0
A_014_ABS38_15_3.prp,3864.0,3366.0,3551.0,3474.0,3366.0,3551.0
A_014_ABS38_15_4.prp,3890.0,3443.0,3950.0,3890.0,3443.0,3950.0
A_014_ABS38_15_5.prp,3165.0,3165.0,3165.0,3165.0,3165.0,3165.0
A_014_ABS39_15_1.prp,5065.0,4616.0,4584.0,3177.0,3177.0,3861.0
A_014_ABS39_15_2.prp,5298.0,4127.0,4602.0,4398.0,3395.0,3937.0
A_014_ABS39_15_3.prp,4671.0,3712.0,4415.0,3504.0,3366.0,3573.0
A_014_ABS39_15_4.prp,4578.0,4059.0,4803.0,3443.0,3657.0,4183.0
A_014_ABS39_15_5.prp,5958.0,4227.0,4678.0,4544.0,4227.0,4544.0
A_014_ABS3_15_1.prp,2533.0,2294.0,2293.0,1589.0,1589.0,1930.0
A_014_ABS3_15_2.prp,2649.0,2061.0,2303.0,2198.0,1694.0,1969.0
A_014_ABS3_15_3.prp,2335.0,1857.0,2205.0,1755.0,1685.0,1785.0
A_014_ABS3_15_4.prp,2289.0,2029.0,2400.0,1723.0,1829.0,2092.0
A_014_ABS3_15_5.prp,2977.0,2111.0,2338.0,2272.0,2111.0,2272.0
A_014_ABS40_15_1.prp,3177.0,4252.0,3177.0,3177.0,3177.0,3177.0
A_014_ABS40_15_2.prp,3855.0,4044.0,3811.0,3855.0,3647.0,3811.0
A_014_ABS40_15_3.prp,3864.0,3366.0,3551.0,3474.0,3366.0,3551.0
A_014_ABS40_15_4.prp,3890.0,3443.0,3950.0,3890.0,3443.0,3950.0
A_014_ABS40_15_5.prp,3165.0,3165.0,3165.0,3165.0,3165.0,3165.0
A_014_ABS41_15_1.prp,3177.0,4252.0,3177.0,3177.0,3177.0,3177.0
A_014_ABS41_15_2.prp,3855.0,4044.0,3811.0,3855.0,3647.0,3811.0
A_014_ABS41_15_3.prp,3864.0,3366.0,3551.0,3474.0,3366.0,3551.0
A_014_ABS41_15_4.prp,3890.0,3443.0,3950.0,3890.0,3443.0,3950.0
A_014_ABS41_15_5.prp,3165.0,3165.0,3165.0,3165.0,3165.0,3165.0
A_014_ABS42_15_1.prp,5065.0,4616.0,4584.0,3177.0,3177.0,3861.0
A_014_ABS42_15_2.prp,5298.0,4127.0,4602.0,4398.0,3395.0,3937.0
A_014_ABS42_15_3.prp,4671.0,3712.0,4415.0,3504.0,3366.0,3573.0
A_014_ABS42_15_4.prp,4578.0,4059.0,4803.0,3443.0,3657.0,4183.0
A_014_ABS42_15_5.prp,5958.0,4227.0,4678.0,4544.0,4227.0,4544.0
A_014_ABS43_15_1.prp,3177.0,4252.0,3177.0,3177.0,3177.0,3177.0
A_014_ABS43_15_2.prp,3855.0,4044.0,3811.0,3855.0,3647.0,3811.0
A_014_ABS43_15_3.prp,3864.0,3366.0,3551.0,3474.0,3366.0,3551.0
A_014_ABS43_15_4.prp,3890.0,3443.0,3950.0,3890.0,3443.0,3950.0
A_014_ABS43_15_5.prp,3165.0,3165.0,3165.0,3165.0,3165.0,3165.0
A_014_ABS44_15_1.prp,3177.0,4252.0,3177.0,3177.0,3177.0,3177.0
A_014_ABS44_15_2.prp,3855.0,4044.0,3811.0,3855.0,3647.0,3811.0
A_014_ABS44_15_3.prp,3864.0,3366.0,3551.0,3474.0,3366.0,3551.0
A_014_ABS44_15_4.prp,3890.0,3443.0,3950.0,3890.0,3443.0,3950.0
A_014_ABS44_15_5.prp,3165.0,3165.0,3165.0,3165.0,3165.0,3165.0
A_014_ABS45_15_1.prp,5065.0,4616.0,4584.0,3177.0,3177.0,3861.0
A_014_ABS45_15_2.prp,5298.0,4127.0,4602.0,4398.0,3395.0,3937.0
A_014_ABS45_15_3.prp,4671.0,3712.0,4415.0,3504.0,3366.0,3573.0
A_014_ABS45_15_4.prp,4578.0,4059.0,4803.0,3443.0,3657.0,4183.0
A_014_ABS45_15_5.prp,5958.0,4227.0,4678.0,4544.0,4227.0,4544.0
A_014_ABS46_15_1.prp,3177.0,4252.0,3177.0,3177.0,3177.0,3177.0
A_014_ABS46_15_2.prp,3855.0,4044.0,3811.0,3855.0,3647.0,3811.0
A_014_ABS46_15_3.prp,3864.0,3366.0,3551.0,3474.0,3366.0,3551.0
A_014_ABS46_15_4.prp,3890.0,3443.0,3950.0,3890.0,3443.0,3950.0
A_014_ABS46_15_5.prp,3165.0,3165.0,3165.0,3165.0,3165.0,3165.0
A_014_ABS47_15_1.prp,3177.0,4252.0,3177.0,3177.0,3177.0,3177.0
A_014_ABS47_15_2.prp,3855.0,4044.0,3811.0,3855.0,3647.0,3811.0
A_014_ABS47_15_3.prp,3864.0,3366.0,3551.0,3474.0,3366.0,3551.0
A_014_ABS47_15_4.prp,3890.0,3443.0,3950.0,3890.0,3443.0,3950.0
A_014_ABS47_15_5.prp,3165.0,3165.0,3165.0,3165.0,3165.0,3165.0
A_014_ABS48_15_1.prp,5065.0,4616.0,4584.0,3177.0,3177.0,3861.0
A_014_ABS48_15_2.prp,5298.0,4127.0,4602.0,4398.0,3395.0,3937.0
A_014_ABS48_15_3.prp,4671.0,3712.0,4415.0,3504.0,3366.0,3573.0
A_014_ABS48_15_4.prp,4578.0,4059.0,4803.0,3443.0,3657.0,4183.0
A_014_ABS48_15_5.prp,5958.0,4227.0,4678.0,4544.0,4227.0,4544.0
A_014_ABS49_15_1.prp,15875.0,19194.0,15875.0,15875.0,19194.0,15875.0
A_014_ABS49_15_2.prp,19266.0,20200.0,19050.0,19266.0,18224.0,19050.0
A_014_ABS49_15_3.prp,19327.0,16852.0,17748.0,17381.0,16852.0,17748.0
A_014_ABS49_15_4.prp,19433.0,17224.0,19747.0,19433.0,17224.0,19747.0
A_014_ABS49_15_5.prp,15813.0,15813.0,15813.0,15813.0,15813.0,15813.0
A_014_ABS4_15_1.prp,1589.0,1920.0,1589.0,1589.0,1920.0,1589.0
A_014_ABS4_15_2.prp,1925.0,2019.0,1904.0,1925.0,1822.0,1904.0
A_014_ABS4_15_3.prp,1931.0,1685.0,1774.0,1737.0,1685.0,1774.0
A_014_ABS4_15_4.prp,1944.0,1723.0,1975.0,1944.0,1723.0,1975.0
A_014_ABS4_15_5.prp,1581.0,1581.0,1581.0,1581.0,1581.0,1581.0
A_014_ABS50_15_1.prp,15875.0,19194.0,15875.0,15875.0,19194.0,15875.0
A_014_ABS50_15_2.prp,19266.0,20200.0,19050.0,19266.0,18224.0,19050.0
A_014_ABS50_15_3.prp,19327.0,16852.0,17748.0,17381.0,16852.0,17748.0
A_014_ABS50_15_4.prp,19433.0,17224.0,19747.0,19433.0,17224.0,19747.0
A_014_ABS50_15_5.prp,15813.0,15813.0,15813.0,15813.0,15813.0,15813.0
A_014_ABS51_15_1.prp,25313.0,22950.0,22910.0,15875.0,15875.0,19293.0
A_014_ABS51_15_2.prp,26490.0,20617.0,23026.0,21977.0,16950.0,19690.0
A_014_ABS51_15_3.prp,23360.0,18575.0,22061.0,17551.0,16852.0,17864.0
A_014_ABS51_15_4.prp,22883.0,20300.0,24001.0,17224.0,18296.0,20906.0
A_014_ABS51_15_5.prp,29788.0,21121.0,23385.0,22718.0,21121.0,22718.0
A_014_ABS52_15_1.prp,15875.0,19194.0,15875.0,15875.0,19194.0,15875.0
A_014_ABS52_15_2.prp,19266.0,20200.0,19050.0,19266.0,18224.0,19050.0
A_014_ABS52_15_3.prp,19327.0,16852.0,17748.0,17381.0,16852.0,17748.0
A_014_ABS52_15_4.prp,19433.0,17224.0,19747.0,19433.0,17224.0,19747.0
A_014_ABS52_15_5.prp,15813.0,15813.0,15813.0,15813.0,15813.0,15813.0
A_014_ABS53_15_1.prp,15875.0,19194.0,15875.0,15875.0,19194.0,15875.0
A_014_ABS53_15_2.prp,19266.0,20200.0,19050.0,19266.0,18224.0,19050.0
A_014_ABS53_15_3.prp,19327.0,16852.0,17748.0,17381.0,16852.0,17748.0
A_014_ABS53_15_4.prp,19433.0,17224.0,19747.0,19433.0,17224.0,19747.0
A_014_ABS53_15_5.prp,15813.0,15813.0,15813.0,15813.0,15813.0,15813.0
A_014_ABS54_15_1.prp,25313.0,22950.0,22910.0,15875.0,15875.0,19293.0
A_014_ABS54_15_2.prp,26490.0,20617.0,23026.0,21977.0,16950.0,19690.0
A_014_ABS54_15_3.prp,23360.0,18575.0,22061.0,17551.0,16852.0,17864.0
A_014_ABS54_15_4.prp,22883.0,20300.0,24001.0,17224.0,18296.0,20906.0
A_014_ABS54_15_5.prp,29788.0,21121.0,23385.0,22718.0,21121.0,22718.0
A_014_ABS55_15_1.prp,15875.0,19194.0,15875.0,15875.0,19194.0,15875.0
A_014_ABS55_15_2.prp,19266.0,20200.0,19050.0,19266.0,18224.0,19050.0
A_014_ABS55_15_3.prp,19327.0,16852.0,17748.0,17381.0,16852.0,17748.0
A_014_ABS55_15_4.prp,19433.0,17224.0,19747.0,19433.0,17224.0,19747.0
A_014_ABS55_15_5.prp,15813.0,15813.0,15813.0,15813.0,15813.0,15813.0
A_014_ABS56_15_1.prp,15875.0,19194.0,15875.0,15875.0,19194.0,15875.0
A_014_ABS56_15_2.prp,19266.0,20200.0,19050.0,19266.0,18224.0,19050.0
A_014_ABS56_15_3.prp,19327.0,16852.0,17748.0,17381.0,16852.0,17748.0
A_014_ABS56_15_4.prp,19433.0,17224.0,19747.0,19433.0,17224.0,19747.0
A_014_ABS56_15_5.prp,15813.0,15813.0,15813.0,15813.0,15813.0,15813.0
A_014_ABS57_15_1.prp,25313.0,22950.0,22910.0,15875.0,15875.0,19293.0
A_014_ABS57_15_2.prp,26490.0,20617.0,23026.0,21977.0,16950.0,19690.0
A_014_ABS57_15_3.prp,23360.0,18575.0,22061.0,17551.0,16852.0,17864.0
A_014_ABS57_15_4.prp,22883.0,20300.0,24001.0,17224.0,18296.0,20906.0
A_014_ABS57_15_5.prp,29788.0,21121.0,23385.0,22718.0,21121.0,22718.0
A_014_ABS58_15_1.prp,15875.0,19194.0,15875.0,15875.0,19194.0,15875.0
A_014_ABS58_15_2.prp,19266.0,20200.0,19050.0,19266.0,18224.0,19050.0
A_014_ABS58_15_3.prp,19327.0,16852.0,17748.0,17381.0,16852.0,17748.0
A_014_ABS58_15_4.prp,19433.0,17224.0,19747.0,19433.0,17224.0,19747.0
A_014_ABS58_15_5.prp,15813.0,15813.0,15813.0,15813.0,15813.0,15813.0
A_014_ABS59_15_1.prp,15875.0,19194.0,15875.0,15875.0,19194.0,15875.0
A_014_ABS59_15_2.prp,19266.0,20200.0,19050.0,19266.0,18224.0,19050.0
A_014_ABS59_15_3.prp,19327.0,16852.0,17748.0,17381.0,16852.0,17748.0
A_014_ABS59_15_4.prp,19433.0,17224.0,19747.0,19433.0,17224.0,19747.0
A_014_ABS59_15_5.prp,15813.0,15813.0,15813.0,15813.0,15813.0,15813.0
A_014_ABS5_15_1.prp,1589.0,1920.0,1589.0,1589.0,1920.0,1589.0
A_014_ABS5_15_2.prp,1925.0,2019.0,1904.0,1925.0,1822.0,1904.0
A_014_ABS5_15_3.prp,1931.0,1685.0,1774.0,1737.0,1685.0,1774.0
A_014_ABS5_15_4.prp,1944.0,1723.0,1975.0,1944.0,1723.0,1975.0
A_014_ABS5_15_5.prp,1581.0,1581.0,1581.0,1581.0,1581.0,1581.0
A_014_ABS60_15_1.prp,25313.0,22950.0,22910.0,15875.0,15875.0,19293.0
A_014_ABS60_15_2.prp,26490.0,20617.0,23026.0,21977.0,16950.0,19690.0
A_014_ABS60_15_3.prp,23360.0,18575.0,22061.0,17551.0,16852.0,17864.0
A_014_ABS60_15_4.prp,22883.0,20300.0,24001.0,17224.0,18296.0,20906.0
A_014_ABS60_15_5.prp,29788.0,21121.0,23385.0,22718.0,21121.0,22718.0
A_014_ABS61_15_1.prp,31775.0,38419.0,31775.0,31775.0,38419.0,31775.0
A_014_ABS61_15_2.prp,38542.0,40411.0,38093.0,38542.0,36458.0,38093.0
A_014_ABS61_15_3.prp,38642.0,33648.0,35494.0,34735.0,33648.0,35494.0
A_014_ABS61_15_4.prp,38909.0,34453.0,39524.0,38909.0,34453.0,39524.0
A_014_ABS61_15_5.prp,31652.0,31652.0,31652.0,31652.0,31652.0,31652.0
A_014_ABS62_15_1.prp,31775.0,38419.0,31775.0,31775.0,38419.0,31775.0
A_014_ABS62_15_2.prp,38542.0,40411.0,38093.0,38542.0,36458.0,38093.0
A_014_ABS62_15_3.prp,38642.0,33648.0,35494.0,34735.0,33648.0,35494.0
A_014_ABS62_15_4.prp,38909.0,34453.0,39524.0,38909.0,34453.0,39524.0
A_014_ABS62_15_5.prp,31652.0,31652.0,31652.0,31652.0,31652.0,31652.0
A_014_ABS63_15_1.prp,50654.0,45923.0,45844.0,31775.0,31775.0,38616.0
A_014_ABS63_15_2.prp,52973.0,41250.0,46010.0,43957.0,33925.0,39362.0
A_014_ABS63_15_3.prp,46708.0,37115.0,44133.0,35042.0,33648.0,35721.0
A_014_ABS63_15_4.prp,45800.0,40608.0,48049.0,34453.0,36589.0,41850.0
A_014_ABS63_15_5.prp,59579.0,42265.0,46780.0,45434.0,42265.0,45434.0
A_014_ABS64_15_1.prp,31775.0,38419.0,31775.0,31775.0,38419.0,31775.0
A_014_ABS64_15_2.prp,38542.0,40411.0,38093.0,38542.0,36458.0,38093.0
A_014_ABS64_15_3.prp,38642.0,33648.0,35494.0,34735.0,33648.0,35494.0
A_014_ABS64_15_4.prp,38909.0,34453.0,39524.0,38909.0,34453.0,39524.0
A_014_ABS64_15_5.prp,31652.0,31652.0,31652.0,31652.0,31652.0,31652.0
A_014_ABS65_15_1.prp,31775.0,38419.0,31775.0,31775.0,38419.0,31775.0
A_014_ABS65_15_2.prp,38542.0,40411.0,38093.0,38542.0,36458.0,38093.0
A_014_ABS65_15_3.prp,38642.0,33648.0,35494.0,34735.0,33648.0,35494.0
A_014_ABS65_15_4.prp,38909.0,34453.0,39524.0,38909.0,34453.0,39524.0
A_014_ABS65_15_5.prp,31652.0,31652.0,31652.0,31652.0,31652.0,31652.0
A_014_ABS66_15_1.prp,50654.0,45923.0,45844.0,31775.0,31775.0,38616.0
A_014_ABS66_15_2.prp,52973.0,41250.0,46010.0,43957.0,33925.0,39362.0
A_014_ABS66_15_3.prp,46708.0,37115.0,44133.0,35042.0,33648.0,35721.0
A_014_ABS66_15_4.prp,45800.0,40608.0,48049.0,34453.0,36589.0,41850.0
A_014_ABS66_15_5.prp,59579.0,42265.0,46780.0,45434.0,42265.0,45434.0
A_014_ABS67_15_1.prp,31775.0,38419.0,31775.0,31775.0,38419.0,31775.0
A_014_ABS67_15_2.prp,38542.0,40411.0,38093.0,38542.0,36458.0,38093.0
A_014_ABS67_15_3.prp,38642.0,33648.0,35494.0,34735.0,33648.0,35494.0
A_014_ABS67_15_4.prp,38909.0,34453.0,39524.0,38909.0,34453.0,39524.0
A_014_ABS67_15_5.prp,31652.0,31652.0,31652.0,31652.0,31652.0,31652.0
A_014_ABS68_15_1.prp,31775.0,38419.0,31775.0,31775.0,38419.0,31775.0
A_014_ABS68_15_2.prp,38542.0,40411.0,38093.0,38542.0,36458.0,38093.0
A_014_ABS68_15_3.prp,38642.0,33648.0,35494.0,34735.0,33648.0,35494.0
A_014_ABS68_15_4.prp,38909.0,34453.0,39524.0,38909.0,34453.0,39524.0
A_014_ABS68_15_5.prp,31652.0,31652.0,31652.0,31652.0,31652.0,31652.0
A_014_ABS69_15_1.prp,50654.0,45923.0,45844.0,31775.0,31775.0,38616.0
A_014_ABS69_15_2.prp,52973.0,41250.0,46010.0,43957.0,33925.0,39362.0
A_014_ABS69_15_3.prp,46708.0,37115.0,44133.0,35042.0,33648.0,35721.0
A_014_ABS69_15_4.prp,45800.0,40608.0,48049.0,34453.0,36589.0,41850.0
A_014_ABS69_15_5.prp,59579.0,42265.0,46780.0,45434.0,42265.0,45434.0
A_014_ABS6_15_1.prp,2533.0,2294.0,2293.0,1589.0,1589.0,1930.0
A_014_ABS6_15_2.prp,2649.0,2061.0,2303.0,2198.0,1694.0,1969.0
A_014_ABS6_15_3.prp,2335.0,1857.0,2205.0,1755.0,1685.0,1785.0
A_014_ABS6_15_4.prp,2289.0,2029.0,2400.0,1723.0,1829.0,2092.0
A_014_ABS6_15_5.prp,2977.0,2111.0,2338.0,2272.0,2111.0,2272.0
A_014_ABS70_15_1.prp,31775.0,38419.0,31775.0,31775.0,38419.0,31775.0
A_014_ABS70_15_2.prp,38542.0,40411.0,38093.0,38542.0,36458.0,38093.0
A_014_ABS70_15_3.prp,38642.0,33648.0,35494.0,34735.0,33648.0,35494.0
A_014_ABS70_15_4.prp,38909.0,34453.0,39524.0,38909.0,34453.0,39524.0
A_014_ABS70_15_5.prp,31652.0,31652.0,31652.0,31652.0,31652.0,31652.0
A_014_ABS71_15_1.prp,31775.0,38419.0,31775.0,31775.0,38419.0,31775.0
A_014_ABS71_15_2.prp,38542.0,40411.0,38093.0,38542.0,36458.0,38093.0
A_014_ABS71_15_3.prp,38642.0,33648.0,35494.0,34735.0,33648.0,35494.0
A_014_ABS71_15_4.prp,38909.0,34453.0,39524.0,38909.0,34453.0,39524.0
A_014_ABS71_15_5.prp,31652.0,31652.0,31652.0,31652.0,31652.0,31652.0
A_014_ABS72_15_1.prp,50654.0,45923.0,45844.0,31775.0,31775.0,38616.0
A_014_ABS72_15_2.prp,52973.0,41250.0,46010.0,43957.0,33925.0,39362.0
A_014_ABS72_15_3.prp,46708.0,37115.0,44133.0,35042.0,33648.0,35721.0
A_014_ABS72_15_4.prp,45800.0,40608.0,48049.0,34453.0,36589.0,41850.0
A_014_ABS72_15_5.prp,59579.0,42265.0,46780.0,45434.0,42265.0,45434.0
A_014_ABS73_15_1.prp,1589.0,1920.0,1589.0,1589.0,1920.0,1589.0
A_014_ABS73_15_2.prp,1925.0,2019.0,1904.0,1925.0,1822.0,1904.0
A_014_ABS73_15_3.prp,1931.0,1685.0,1774.0,1737.0,1685.0,1774.0
A_014_ABS73_15_4.prp,1944.0,1723.0,1975.0,1944.0,1723.0,1975.0
A_014_ABS73_15_5.prp,1581.0,1581.0,1581.0,1581.0,1581.0,1581.0
A_014_ABS74_15_1.prp,1589.0,1920.0,1589.0,1589.0,1920.0,1589.0
A_014_ABS74_15_2.prp,1925.0,2019.0,1904.0,1925.0,1822.0,1904.0
A_014_ABS74_15_3.prp,1931.0,1685.0,1774.0,1737.0,1685.0,1774.0
A_014_ABS74_15_4.prp,1944.0,1723.0,1975.0,1944.0,1723.0,1975.0
A_014_ABS74_15_5.prp,1581.0,1581.0,1581.0,1581.0,1581.0,1581.0
A_014_ABS75_15_1.prp,2533.0,2294.0,2293.0,1589.0,1589.0,1930.0
A_014_ABS75_15_2.prp,2649.0,2061.0,2303.0,2198.0,1694.0,1969.0
A_014_ABS75_15_3.prp,2335.0,1857.0,2205.0,1755.0,1685.0,1785.0
A_014_ABS75_15_4.prp,2289.0,2029.0,2400.0,1723.0,1829.0,2092.0
A_014_ABS75_15_5.prp,2977.0,2111.0,2338.0,2272.0,2111.0,2272.0
A_014_ABS76_15_1.prp,1589.0,1920.0,1589.0,1589.0,1920.0,1589.0
A_014_ABS76_15_2.prp,1925.0,2019.0,1904.0,1925.0,1822.0,1904.0
A_014_ABS76_15_3.prp,1931.0,1685.0,1774.0,1737.0,1685.0,1774.0
A_014_ABS76_15_4.prp,1944.0,1723.0,1975.0,1944.0,1723.0,1975.0
A_014_ABS76_15_5.prp,1581.0,1581.0,1581.0,1581.0,1581.0,1581.0
A_014_ABS77_15_1.prp,1589.0,1920.0,1589.0,1589.0,1920.0,1589.0
A_014_ABS77_15_2.prp,1925.0,2019.0,1904.0,1925.0,1822.0,1904.0
A_014_ABS77_15_3.prp,1931.0,1685.0,1774.0,1737.0,1685.0,1774.0
A_014_ABS77_15_4.prp,1944.0,1723.0,1975.0,1944.0,1723.0,1975.0
A_014_ABS77_15_5.prp,1581.0,1581.0,1581.0,1581.0,1581.0,1581.0
A_014_ABS78_15_1.prp,2533.0,2294.0,2293.0,1589.0,1589.0,1930.0
A_014_ABS78_15_2.prp,2649.0,2061.0,2303.0,2198.0,1694.0,1969.0
A_014_ABS78_15_3.prp,2335.0,1857.0,2205.0,1755.0,1685.0,1785.0
A_014_ABS78_15_4.prp,2289.0,2029.0,2400.0,1723.0,1829.0,2092.0
A_014_ABS78_15_5.prp,2977.0,2111.0,2338.0,2272.0,2111.0,2272.0
A_014_ABS79_15_1.prp,3177.0,4252.0,3177.0,3177.0,3177.0,3177.0
A_014_ABS79_15_2.prp,3855.0,4044.0,3811.0,3855.0,3647.0,3811.0
A_014_ABS79_15_3.prp,3864.0,3366.0,3551.0,3474.0,3366.0,3551.0
A_014_ABS79_15_4.prp,3890.0,3443.0,3950.0,3890.0,3443.0,3950.0
A_014_ABS79_15_5.prp,3165.0,3165.0,3165.0,3165.0,3165.0,3165.0
A_014_ABS7_15_1.prp,1589.0,1920.0,1589.0,1589.0,1920.0,1589.0
A_014_ABS7_15_2.prp,1925.0,2019.0,1904.0,1925.0,1822.0,1904.0
A_014_ABS7_15_3.prp,1931.0,1685.0,1774.0,1737.0,1685.0,1774.0
A_014_ABS7_15_4.prp,1944.0,1723.0,1975.0,1944.0,1723.0,1975.0
A_014_ABS7_15_5.prp,1581.0,1581.0,1581.0,1581.0,1581.0,1581.0
A_014_ABS80_15_1.prp,3177.0,4252.0,3177.0,3177.0,3177.0,3177.0
A_014_ABS80_15_2.prp,3855.0,4044.0,3811.0,3855.0,3647.0,3811.0
A_014_ABS80_15_3.prp,3864.0,3366.0,3551.0,3474.0,3366.0,3551.0
A_014_ABS80_15_4.prp,3890.0,3443.0,3950.0,3890.0,3443.0,3950.0
A_014_ABS80_15_5.prp,3165.0,3165.0,3165.0,3165.0,3165.0,3165.0
A_014_ABS81_15_1.prp,5065.0,4616.0,4584.0,3177.0,3177.0,3861.0
A_014_ABS81_15_2.prp,5298.0,4127.0,4602.0,4398.0,3395.0,3937.0
A_014_ABS81_15_3.prp,4671.0,3712.0,4415.0,3504.0,3366.0,3573.0
A_014_ABS81_15_4.prp,4578.0,4059.0,4803.0,3443.0,3657.0,4183.0
A_014_ABS81_15_5.prp,5958.0,4227.0,4678.0,4544.0,4227.0,4544.0
A_014_ABS82_15_1.prp,3177.0,4252.0,3177.0,3177.0,3177.0,3177.0
A_014_ABS82_15_2.prp,3855.0,4044.0,3811.0,3855.0,3647.0,3811.0
A_014_ABS82_15_3.prp,3864.0,3366.0,3551.0,3474.0,3366.0,3551.0
A_014_ABS82_15_4.prp,3890.0,3443.0,3950.0,3890.0,3443.0,3950.0
A_014_ABS82_15_5.prp,3165.0,3165.0,3165.0,3165.0,3165.0,3165.0
A_014_ABS83_15_1.prp,3177.0,4252.0,3177.0,3177.0,3177.0,3177.0
A_014_ABS83_15_2.prp,3855.0,4044.0,3811.0,3855.0,3647.0,3811.0
A_014_ABS83_15_3.prp,3864.0,3366.0,3551.0,3474.0,3366.0,3551.0
A_014_ABS83_15_4.prp,3890.0,3443.0,3950.0,3890.0,3443.0,3950.0
A_014_ABS83_15_5.prp,3165.0,3165.0,3165.0,3165.0,3165.0,3165.0
A_014_ABS84_15_1.prp,5065.0,4616.0,4584.0,3177.0,3177.0,3861.0
A_014_ABS84_15_2.prp,5298.0,4127.0,4602.0,4398.0,3395.0,3937.0
A_014_ABS84_15_3.prp,4671.0,3712.0,4415.0,3504.0,3366.0,3573.0
A_014_ABS84_15_4.prp,4578.0,4059.0,4803.0,3443.0,3657.0,4183.0
A_014_ABS84_15_5.prp,5958.0,4227.0,4678.0,4544.0,4227.0,4544.0
A_014_ABS85_15_1.prp,1589.0,1920.0,1589.0,1589.0,1920.0,1589.0
A_014_ABS85_15_2.prp,1925.0,2019.0,1904.0,1925.0,1822.0,1904.0
A_014_ABS85_15_3.prp,1931.0,1685.0,1774.0,1737.0,1685.0,1774.0
A_014_ABS85_15_4.prp,1944.0,1723.0,1975.0,1944.0,1723.0,1975.0
A_014_ABS85_15_5.prp,1581.0,1581.0,1581.0,1581.0,1581.0,1581.0
A_014_ABS86_15_1.prp,1589.0,1920.0,1589.0,1589.0,1920.0,1589.0
A_014_ABS86_15_2.prp,1925.0,2019.0,1904.0,1925.0,1822.0,1904.0
A_014_ABS86_15_3.prp,1931.0,1685.0,1774.0,1737.0,1685.0,1774.0
A_014_ABS86_15_4.prp,1944.0,1723.0,1975.0,1944.0,1723.0,1975.0
A_014_ABS86_15_5.prp,1581.0,1581.0,1581.0,1581.0,1581.0,1581.0
A_014_ABS87_15_1.prp,2533.0,2294.0,2293.0,1589.0,1589.0,1930.0
A_014_ABS87_15_2.prp,2649.0,2061.0,2303.0,2198.0,1694.0,1969.0
A_014_ABS87_15_3.prp,2335.0,1857.0,2205.0,1755.0,1685.0,1785.0
A_014_ABS87_15_4.prp,2289.0,2029.0,2400.0,1723.0,1829.0,2092.0
A_014_ABS87_15_5.prp,2977.0,2111.0,2338.0,2272.0,2111.0,2272.0
A_014_ABS88_15_1.prp,1589.0,1920.0,1589.0,1589.0,1920.0,1589.0
A_014_ABS88_15_2.prp,1925.0,2019.0,1904.0,1925.0,1822.0,1904.0
A_014_ABS88_15_3.prp,1931.0,1685.0,1774.0,1737.0,1685.0,1774.0
A_014_ABS88_15_4.prp,1944.0,1723.0,1975.0,1944.0,1723.0,1975.0
A_014_ABS88_15_5.prp,1581.0,1581.0,1581.0,1581.0,1581.0,1581.0
A_014_ABS89_15_1.prp,1589.0,1920.0,1589.0,1589.0,1920.0,1589.0
A_014_ABS89_15_2.prp,1925.0,2019.0,1904.0,1925.0,1822.0,1904.0
A_014_ABS89_15_3.prp,1931.0,1685.0,1774.0,1737.0,1685.0,1774.0
A_014_ABS89_15_4.prp,1944.0,1723.0,1975.0,1944.0,1723.0,1975.0
A_014_ABS89_15_5.prp,1581.0,1581.0,1581.0,1581.0,1581.0,1581.0
A_014_ABS8_15_1.prp,1589.0,1920.0,1589.0,1589.0,1920.0,1589.0
A_014_ABS8_15_2.prp,1925.0,2019.0,1904.0,1925.0,1822.0,1904.0
A_014_ABS8_15_3.prp,1931.0,1685.0,1774.0,1737.0,1685.0,1774.0
A_014_ABS8_15_4.prp,1944.0,1723.0,1975.0,1944.0,1723.0,1975.0
A_014_ABS8_15_5.prp,1581.0,1581.0,1581.0,1581.0,1581.0,1581.0
A_014_ABS90_15_1.prp,2533.0,2294.0,2293.0,1589.0,1589.0,1930.0
A_014_ABS90_15_2.prp,2649.0,2061.0,2303.0,2198.0,1694.0,1969.0
A_014_ABS90_15_3.prp,2335.0,1857.0,2205.0,1755.0,1685.0,1785.0
A_014_ABS90_15_4.prp,2289.0,2029.0,2400.0,1723.0,1829.0,2092.0
A_014_ABS90_15_5.prp,2977.0,2111.0,2338.0,2272.0,2111.0,2272.0
A_014_ABS91_15_1.prp,3177.0,4252.0,3177.0,3177.0,3177.0,3177.0
A_014_ABS91_15_2.prp,3855.0,4044.0,3811.0,3855.0,3647.0,3811.0
A_014_ABS91_15_3.prp,3864.0,3366.0,3551.0,3474.0,3366.0,3551.0
A_014_ABS91_15_4.prp,3890.0,3443.0,3950.0,3890.0,3443.0,3950.0
A_014_ABS91_15_5.prp,3165.0,3165.0,3165.0,3165.0,3165.0,3165.0
A_014_ABS92_15_1.prp,3177.0,4252.0,3177.0,3177.0,3177.0,3177.0
A_014_ABS92_15_2.prp,3855.0,4044.0,3811.0,3855.0,3647.0,3811.0
A_014_ABS92_15_3.prp,3864.0,3366.0,3551.0,3474.0,3366.0,3551.0
A_014_ABS92_15_4.prp,3890.0,3443.0,3950.0,3890.0,3443.0,3950.0
A_014_ABS92_15_5.prp,3165.0,3165.0,3165.0,3165.0,3165.0,3165.0
A_014_ABS93_15_1.prp,5065.0,4616.0,4584.0,3177.0,3177.0,3861.0
A_014_ABS93_15_2.prp,5298.0,4127.0,4602.0,4398.0,3395.0,3937.0
A_014_ABS93_15_3.prp,4671.0,3712.0,4415.0,3504.0,3366.0,3573.0
A_014_ABS93_15_4.prp,4578.0,4059.0,4803.0,3443.0,3657.0,4183.0
A_014_ABS93_15_5.prp,5958.0,4227.0,4678.0,4544.0,4227.0,4544.0
A_014_ABS94_15_1.prp,3177.0,4252.0,3177.0,3177.0,3177.0,3177.0
A_014_ABS94_15_2.prp,3855.0,4044.0,3811.0,3855.0,3647.0,3811.0
A_014_ABS94_15_3.prp,3864.0,3366.0,3551.0,3474.0,3366.0,3551.0
A_014_ABS94_15_4.prp,3890.0,3443.0,3950.0,3890.0,3443.0,3950.0
A_014_ABS94_15_5.prp,3165.0,3165.0,3165.0,3165.0,3165.0,3165.0
A_014_ABS95_15_1.prp,3177.0,4252.0,3177.0,3177.0,3177.0,3177.0
A_014_ABS95_15_2.prp,3855.0,4044.0,3811.0,3855.0,3647.0,3811.0
A_014_ABS95_15_3.prp,3864.0,3366.0,3551.0,3474.0,3366.0,3551.0
A_014_ABS95_15_4.prp,3890.0,3443.0,3950.0,3890.0,3443.0,3950.0
A_014_ABS95_15_5.prp,3165.0,3165.0,3165.0,3165.0,3165.0,3165.0
A_014_ABS96_15_1.prp,5065.0,4616.0,4584.0,3177.0,3177.0,3861.0
A_014_ABS96_15_2.prp,5298.0,4127.0,4602.0,4398.0,3395.0,3937.0
A_014_ABS96_15_3.prp,4671.0,3712.0,4415.0,3504.0,3366.0,3573.0
A_014_ABS96_15_4.prp,4578.0,4059.0,4803.0,3443.0,3657.0,4183.0
A_014_ABS96_15_5.prp,5958.0,4227.0,4678.0,4544.0,4227.0,4544.0
A_014_ABS9_15_1.prp,2533.0,2294.0,2293.0,1589.0,1589.0,1930.0
A_014_ABS9_15_2.prp,2649.0,2061.0,2303.0,2198.0,1694.0,1969.0
A_014_ABS9_15_3.prp,2335.0,1857.0,2205.0,1755.0,1685.0,1785.0
A_014_ABS9_15_4.prp,2289.0,2029.0,2400.0,1723.0,1829.0,2092.0
A_014_ABS9_15_5.prp,2977.0,2111.0,2338.0,2272.0,2111.0,2272.0
A_050_ABS10_50_1.prp,6312.0,4474.0,4533.0,3884.0,3950.0,3833.0
A_050_ABS10_50_2.prp,6012.0,3512.0,3566.0,3620.0,3071.0,3470.0
A_050_ABS10_50_3.prp,6553.0,3950.0,4836.0,3792.0,3492.0,3510.0
A_050_ABS10_50_4.prp,6018.0,4222.0,3862.0,4094.0,3490.0,3614.0
A_050_ABS10_50_5.prp,6066.0,5017.0,4324.0,4032.0,4527.0,3701.0
A_050_ABS11_50_1.prp,7515.0,5204.0,4928.0,3925.0,3811.0,3819.0
A_050_ABS11_50_2.prp,7908.0,3899.0,4052.0,3614.0,3463.0,3840.0
A_050_ABS11_50_3.prp,6228.0,4144.0,4257.0,3629.0,3550.0,3612.0
A_050_ABS11_50_4.prp,6714.0,4806.0,5293.0,4326.0,3538.0,4063.0
A_050_ABS11_50_5.prp,6970.0,4959.0,4791.0,3923.0,3936.0,3765.0
A_050_ABS12_50_1.prp,7359.0,5349.0,5001.0,4350.0,3971.0,4229.0
A_050_ABS12_50_2.prp,8056.0,4589.0,4027.0,3918.0,3444.0,3840.0
A_050_ABS12_50_3.prp,7759.0,4675.0,5310.0,4163.0,3710.0,4306.0
A_050_ABS12_50_4.prp,7194.0,5082.0,5221.0,4652.0,3893.0,4798.0
A_050_ABS12_50_5.prp,8310.0,5618.0,5343.0,4200.0,4468.0,4559.0
A_050_ABS13_50_1.prp,12630.0,8408.0,9070.0,7771.0,7822.0,7663.0
A_050_ABS13_50_2.prp,12012.0,7483.0,7115.0,7557.0,6808.0,6942.0
A_050_ABS13_50_3.prp,13108.0,7840.0,10170.0,7572.0,6986.0,6811.0
A_050_ABS13_50_4.prp,12045.0,8446.0,7723.0,8194.0,6979.0,7230.0
A_050_ABS13_50_5.prp,12138.0,10036.0,8658.0,7310.0,9051.0,7881.0
A_050_ABS14_50_1.prp,13911.0,10413.0,9852.0,7917.0,7624.0,7636.0
A_050_ABS14_50_2.prp,15821.0,8102.0,8099.0,7230.0,6904.0,7679.0
A_050_ABS14_50_3.prp,12396.0,8299.0,8230.0,7663.0,7109.0,7218.0
A_050_ABS14_50_4.prp,13434.0,9801.0,10595.0,8655.0,7793.0,7670.0
A_050_ABS14_50_5.prp,13937.0,10021.0,9578.0,7847.0,7856.0,7532.0
A_050_ABS15_50_1.prp,14726.0,10792.0,10003.0,9572.0,7956.0,8463.0
A_050_ABS15_50_2.prp,16105.0,9178.0,8054.0,7836.0,6889.0,7683.0
A_050_ABS15_50_3.prp,15529.0,9358.0,10060.0,8336.0,7432.0,8474.0
A_050_ABS15_50_4.prp,14394.0,10163.0,10447.0,9250.0,7756.0,9599.0
A_050_ABS15_50_5.prp,16624.0,11126.0,10691.0,10744.0,8673.0,8981.0
A_050_ABS16_50_1.prp,12630.0,8408.0,9070.0,7771.0,7822.0,7663.0
A_050_ABS16_50_2.prp,12012.0,7483.0,7115.0,7557.0,6808.0,6942.0
A_050_ABS16_50_3.prp,13108.0,7840.0,10170.0,7572.0,6986.0,6811.0
A_050_ABS16_50_4.prp,12045.0,8446.0,7723.0,8194.0,6979.0,7230.0
A_050_ABS16_50_5.prp,12138.0,10036.0,8658.0,7310.0,9051.0,7881.0
A_050_ABS17_50_1.prp,13911.0,10413.0,9852.0,7917.0,7624.0,7636.0
A_050_ABS17_50_2.prp,15821.0,8102.0,8099.0,7230.0,6904.0,7679.0
A_050_ABS17_50_3.prp,12396.0,8299.0,8230.0,7663.0,7109.0,7218.0
A_050_ABS17_50_4.prp,13434.0,9801.0,10595.0,8655.0,7793.0,7670.0
A_050_ABS17_50_5.prp,13937.0,10021.0,9578.0,7847.0,7856.0,7532.0
A_050_ABS18_50_1.prp,14726.0,10792.0,10003.0,9572.0,7956.0,8463.0
A_050_ABS18_50_2.prp,16105.0,9178.0,8054.0,7836.0,6889.0,7683.0
A_050_ABS18_50_3.prp,15529.0,9358.0,10060.0,8336.0,7432.0,8474.0
A_050_ABS18_50_4.prp,14394.0,10163.0,10447.0,9250.0,7756.0,9599.0
A_050_ABS18_50_5.prp,16624.0,11126.0,10691.0,10744.0,8673.0,8981.0
A_050_ABS19_50_1.prp,12630.0,8408.0,9070.0,7771.0,7822.0,7663.0
A_050_ABS19_50_2.prp,12012.0,7483.0,7115.0,7557.0,6808.0,6942.0
A_050_ABS19_50_3.prp,13108.0,7840.0,10170.0,7572.0,6986.0,6811.0
A_050_ABS19_50_4.prp,12045.0,8446.0,7723.0,8194.0,6979.0,7230.0
A_050_ABS19_50_5.prp,12138.0,10036.0,8658.0,7310.0,9051.0,7881.0
A_050_ABS1_50_1.prp,6312.0,4474.0,4533.0,3884.0,3950.0,3833.0
A_050_ABS1_50_2.prp,6012.0,3512.0,3566.0,3620.0,3071.0,3470.0
A_050_ABS1_50_3.prp,6553.0,3950.0,4836.0,3792.0,3492.0,3510.0
A_050_ABS1_50_4.prp,6018.0,4222.0,3862.0,4094.0,3490.0,3614.0
A_050_ABS1_50_5.prp,6066.0,5017.0,4324.0,4032.0,4527.0,3701.0
A_050_ABS20_50_1.prp,13911.0,10413.0,9852.0,7917.0,7624.0,7636.0
A_050_ABS20_50_2.prp,15821.0,8102.0,8099.0,7230.0,6904.0,7679.0
A_050_ABS20_50_3.prp,12396.0,8299.0,8230.0,7663.0,7109.0,7218.0
A_050_ABS20_50_4.prp,13434.0,9801.0,10595.0,8655.0,7793.0,7670.0
A_050_ABS20_50_5.prp,13937.0,10021.0,9578.0,7847.0,7856.0,7532.0
A_050_ABS21_50_1.prp,14726.0,10792.0,10003.0,9572.0,7956.0,8463.0
A_050_ABS21_50_2.prp,16105.0,9178.0,8054.0,7836.0,6889.0,7683.0
A_050_ABS21_50_3.prp,15529.0,9358.0,10060.0,8336.0,7432.0,8474.0
A_050_ABS21_50_4.prp,14394.0,10163.0,10447.0,9250.0,7756.0,9599.0
A_050_ABS21_50_5.prp,16624.0,11126.0,10691.0,10744.0,8673.0,8981.0
A_050_ABS22_50_1.prp,12630.0,8408.0,9070.0,7771.0,7822.0,7663.0
A_050_ABS22_50_2.prp,12012.0,7483.0,7115.0,7557.0,6808.0,6942.0
A_050_ABS22_50_3.prp,13108.0,7840.0,10170.0,7572.0,6986.0,6811.0
A_050_ABS22_50_4.prp,12045.0,8446.0,7723.0,8194.0,6979.0,7230.0
A_050_ABS22_50_5.prp,12138.0,10036.0,8658.0,7310.0,9051.0,7881.0
A_050_ABS23_50_1.prp,13911.0,10413.0,9852.0,7917.0,7624.0,7636.0
A_050_ABS23_50_2.prp,15821.0,8102.0,8099.0,7230.0,6904.0,7679.0
A_050_ABS23_50_3.prp,12396.0,8299.0,8230.0,7663.0,7109.0,7218.0
A_050_ABS23_50_4.prp,13434.0,9801.0,10595.0,8655.0,7793.0,7670.0
A_050_ABS23_50_5.prp,13937.0,10021.0,9578.0,7847.0,7856.0,7532.0
A_050_ABS24_50_1.prp,14726.0,10792.0,10003.0,9572.0,7956.0,8463.0
A_050_ABS24_50_2.prp,16105.0,9178.0,8054.0,7836.0,6889.0,7683.0
A_050_ABS24_50_3.prp,15529.0,9358.0,10060.0,8336.0,7432.0,8474.0
A_050_ABS24_50_4.prp,14394.0,10163.0,10447.0,9250.0,7756.0,9599.0
A_050_ABS24_50_5.prp,16624.0,11126.0,10691.0,10744.0,8673.0,8981.0
A_050_ABS25_50_1.prp,6312.0,4474.0,4533.0,3884.0,3950.0,3833.0
A_050_ABS25_50_2.prp,6012.0,3512.0,3566.0,3620.0,3071.0,3470.0
A_050_ABS25_50_3.prp,6553.0,3950.0,4836.0,3792.0,3492.0,3510.0
A_050_ABS25_50_4.prp,6018.0,4222.0,3862.0,4094.0,3490.0,3614.0
A_050_ABS25_50_5.prp,6066.0,5017.0,4324.0,4032.0,4527.0,3701.0
A_050_ABS26_50_1.prp,7515.0,5204.0,4928.0,3925.0,3811.0,3819.0
A_050_ABS26_50_2.prp,7908.0,3899.0,4052.0,3614.0,3463.0,3840.0
A_050_ABS26_50_3.prp,6228.0,4144.0,4257.0,3629.0,3550.0,3612.0
A_050_ABS26_50_4.prp,6714.0,4806.0,5293.0,4326.0,3538.0,4063.0
A_050_ABS26_50_5.prp,6970.0,4959.0,4791.0,3923.0,3936.0,3765.0
A_050_ABS27_50_1.prp,7359.0,5349.0,5001.0,4350.0,3971.0,4229.0
A_050_ABS27_50_2.prp,8056.0,4589.0,4027.0,3918.0,3444.0,3840.0
A_050_ABS27_50_3.prp,7759.0,4675.0,5310.0,4163.0,3710.0,4306.0
A_050_ABS27_50_4.prp,7194.0,5082.0,5221.0,4652.0,3893.0,4798.0
A_050_ABS27_50_5.prp,8310.0,5618.0,5343.0,4200.0,4468.0,4559.0
A_050_ABS28_50_1.prp,6312.0,4474.0,4533.0,3884.0,3950.0,3833.0
A_050_ABS28_50_2.prp,6012.0,3512.0,3566.0,3620.0,3071.0,3470.0
A_050_ABS28_50_3.prp,6553.0,3950.0,4836.0,3792.0,3492.0,3510.0
A_050_ABS28_50_4.prp,6018.0,4222.0,3862.0,4094.0,3490.0,3614.0
A_050_ABS28_50_5.prp,6066.0,5017.0,4324.0,4032.0,4527.0,3701.0
A_050_ABS29_50_1.prp,7515.0,5204.0,4928.0,3925.0,3811.0,3819.0
A_050_ABS29_50_2.prp,7908.0,3899.0,4052.0,3614.0,3463.0,3840.0
A_050_ABS29_50_3.prp,6228.0,4144.0,4257.0,3629.0,3550.0,3612.0
A_050_ABS29_50_4.prp,6714.0,4806.0,5293.0,4326.0,3538.0,4063.0
A_050_ABS29_50_5.prp,6970.0,4959.0,4791.0,3923.0,3936.0,3765.0
A_050_ABS2_50_1.prp,7515.0,5204.0,4928.0,3925.0,3811.0,3819.0
A_050_ABS2_50_2.prp,7908.0,3899.0,4052.0,3614.0,3463.0,3840.0
A_050_ABS2_50_3.prp,6228.0,4144.0,4257.0,3629.0,3550.0,3612.0
A_050_ABS2_50_4.prp,6714.0,4806.0,5293.0,4326.0,3538.0,4063.0
A_050_ABS2_50_5.prp,6970.0,4959.0,4791.0,3923.0,3936.0,3765.0
A_050_ABS30_50_1.prp,7359.0,5349.0,5001.0,4350.0,3971.0,4229.0
A_050_ABS30_50_2.prp,8056.0,4589.0,4027.0,3918.0,3444.0,3840.0
A_050_ABS30_50_3.prp,7759.0,4675.0,5310.0,4163.0,3710.0,4306.0
A_050_ABS30_50_4.prp,7194.0,5082.0,5221.0,4652.0,3893.0,4798.0
A_050_ABS30_50_5.prp,8310.0,5618.0,5343.0,4200.0,4468.0,4559.0
A_050_ABS31_50_1.prp,6312.0,4474.0,4533.0,3884.0,3950.0,3833.0
A_050_ABS31_50_2.prp,6012.0,3512.0,3566.0,3620.0,3071.0,3470.0
A_050_ABS31_50_3.prp,6553.0,3950.0,4836.0,3792.0,3492.0,3510.0
A_050_ABS31_50_4.prp,6018.0,4222.0,3862.0,4094.0,3490.0,3614.0
A_050_ABS31_50_5.prp,6066.0,5017.0,4324.0,4032.0,4527.0,3701.0
A_050_ABS32_50_1.prp,7515.0,5204.0,4928.0,3925.0,3811.0,3819.0
A_050_ABS32_50_2.prp,7908.0,3899.0,4052.0,3614.0,3463.0,3840.0
A_050_ABS32_50_3.prp,6228.0,4144.0,4257.0,3629.0,3550.0,3612.0
A_050_ABS32_50_4.prp,6714.0,4806.0,5293.0,4326.0,3538.0,4063.0
A_050_ABS32_50_5.prp,6970.0,4959.0,4791.0,3923.0,3936.0,3765.0
A_050_ABS33_50_1.prp,7359.0,5349.0,5001.0,4350.0,3971.0,4229.0
A_050_ABS33_50_2.prp,8056.0,4589.0,4027.0,3918.0,3444.0,3840.0
A_050_ABS33_50_3.prp,7759.0,4675.0,5310.0,4163.0,3710.0,4306.0
A_050_ABS33_50_4.prp,7194.0,5082.0,5221.0,4652.0,3893.0,4798.0
A_050_ABS33_50_5.prp,8310.0,5618.0,5343.0,4200.0,4468.0,4559.0
A_050_ABS34_50_1.prp,6312.0,4474.0,4533.0,3884.0,3950.0,3833.0
A_050_ABS34_50_2.prp,6012.0,3512.0,3566.0,3620.0,3071.0,3470.0
A_050_ABS34_50_3.prp,6553.0,3950.0,4836.0,3792.0,3492.0,3510.0
A_050_ABS34_50_4.prp,6018.0,4222.0,3862.0,4094.0,3490.0,3614.0
A_050_ABS34_50_5.prp,6066.0,5017.0,4324.0,4032.0,4527.0,3701.0
A_050_ABS35_50_1.prp,7515.0,5204.0,4928.0,3925.0,3811.0,3819.0
A_050_ABS35_50_2.prp,7908.0,3899.0,4052.0,3614.0,3463.0,3840.0
A_050_ABS35_50_3.prp,6228.0,4144.0,4257.0,3629.0,3550.0,3612.0
A_050_ABS35_50_4.prp,6714.0,4806.0,5293.0,4326.0,3538.0,4063.0
A_050_ABS35_50_5.prp,6970.0,4959.0,4791.0,3923.0,3936.0,3765.0
A_050_ABS36_50_1.prp,7359.0,5349.0,5001.0,4350.0,3971.0,4229.0
A_050_ABS36_50_2.prp,8056.0,4589.0,4027.0,3918.0,3444.0,3840.0
A_050_ABS36_50_3.prp,7759.0,4675.0,5310.0,4163.0,3710.0,4306.0
A_050_ABS36_50_4.prp,7194.0,5082.0,5221.0,4652.0,3893.0,4798.0
A_050_ABS36_50_5.prp,8310.0,5618.0,5343.0,4200.0,4468.0,4559.0
A_050_ABS37_50_1.prp,12630.0,8408.0,9070.0,7771.0,7822.0,7663.0
A_050_ABS37_50_2.prp,12012.0,7483.0,7115.0,7557.0,6808.0,6942.0
A_050_ABS37_50_3.prp,13108.0,7840.0,10170.0,7572.0,6986.0,6811.0
A_050_ABS37_50_4.prp,12045.0,8446.0,7723.0,8194.0,6979.0,7230.0
A_050_ABS37_50_5.prp,12138.0,10036.0,8658.0,7310.0,9051.0,7881.0
A_050_ABS38_50_1.prp,13911.0,10413.0,9852.0,7917.0,7624.0,7636.0
A_050_ABS38_50_2.prp,15821.0,8102.0,8099.0,7230.0,6904.0,7679.0
A_050_ABS38_50_3.prp,12396.0,8299.0,8230.0,7663.0,7109.0,7218.0
A_050_ABS38_50_4.prp,13434.0,9801.0,10595.0,8655.0,7793.0,7670.0
A_050_ABS38_50_5.prp,13937.0,10021.0,9578.0,7847.0,7856.0,7532.0
A_050_ABS39_50_1.prp,14726.0,10792.0,10003.0,9572.0,7956.0,8463.0
A_050_ABS39_50_2.prp,16105.0,9178.0,8054.0,7836.0,6889.0,7683.0
A_050_ABS39_50_3.prp,15529.0,9358.0,10060.0,8336.0,7432.0,8474.0
A_050_ABS39_50_4.prp,14394.0,10163.0,10447.0,9250.0,7756.0,9599.0
A_050_ABS39_50_5.prp,16624.0,11126.0,10691.0,10744.0,8673.0,8981.0
A_050_ABS3_50_1.prp,7359.0,5349.0,5001.0,4350.0,3971.0,4229.0
A_050_ABS3_50_2.prp,8056.0,4589.0,4027.0,3918.0,3444.0,3840.0
A_050_ABS3_50_3.prp,7759.0,4675.0,5310.0,4163.0,3710.0,4306.0
A_050_ABS3_50_4.prp,7194.0,5082.0,5221.0,4652.0,3893.0,4798.0
A_050_ABS3_50_5.prp,8310.0,5618.0,5343.0,4200.0,4468.0,4559.0
A_050_ABS40_50_1.prp,12630.0,8408.0,9070.0,7771.0,7822.0,7663.0
A_050_ABS40_50_2.prp,12012.0,7483.0,7115.0,7557.0,6808.0,6942.0
A_050_ABS40_50_3.prp,13108.0,7840.0,10170.0,7572.0,6986.0,6811.0
A_050_ABS40_50_4.prp,12045.0,8446.0,7723.0,8194.0,6979.0,7230.0
A_050_ABS40_50_5.prp,12138.0,10036.0,8658.0,7310.0,9051.0,7881.0
A_050_ABS41_50_1.prp,13911.0,10413.0,9852.0,7917.0,7624.0,7636.0
A_050_ABS41_50_2.prp,15821.0,8102.0,8099.0,7230.0,6904.0,7679.0
A_050_ABS41_50_3.prp,12396.0,8299.0,8230.0,7663.0,7109.0,7218.0
A_050_ABS41_50_4.prp,13434.0,9801.0,10595.0,8655.0,7793.0,7670.0
A_050_ABS41_50_5.prp,13937.0,10021.0,9578.0,7847.0,7856.0,7532.0
A_050_ABS42_50_1.prp,14726.0,10792.0,10003.0,9572.0,7956.0,8463.0
A_050_ABS42_50_2.prp,16105.0,9178.0,8054.0,7836.0,6889.0,7683.0
A_050_ABS42_50_3.prp,15529.0,9358.0,10060.0,8336.0,7432.0,8474.0
A_050_ABS42_50_4.prp,14394.0,10163.0,10447.0,9250.0,7756.0,9599.0
A_050_ABS42_50_5.prp,16624.0,11126.0,10691.0,10744.0,8673.0,8981.0
A_050_ABS43_50_1.prp,12630.0,8408.0,9070.0,7771.0,7822.0,7663.0
A_050_ABS43_50_2.prp,12012.0,7483.0,7115.0,7557.0,6808.0,6942.0
A_050_ABS43_50_3.prp,13108.0,7840.0,10170.0,7572.0,6986.0,6811.0
A_050_ABS43_50_4.prp,12045.0,8446.0,7723.0,8194.0,6979.0,7230.0
A_050_ABS43_50_5.prp,12138.0,10036.0,8658.0,7310.0,9051.0,7881.0
A_050_ABS44_50_1.prp,13911.0,10413.0,9852.0,7917.0,7624.0,7636.0
A_050_ABS44_50_2.prp,15821.0,8102.0,8099.0,7230.0,6904.0,7679.0
A_050_ABS44_50_3.prp,12396.0,8299.0,8230.0,7663.0,7109.0,7218.0
A_050_ABS44_50_4.prp,13434.0,9801.0,10595.0,8655.0,7793.0,7670.0
A_050_ABS44_50_5.prp,13937.0,10021.0,9578.0,7847.0,7856.0,7532.0
A_050_ABS45_50_1.prp,14726.0,10792.0,10003.0,9572.0,7956.0,8463.0
A_050_ABS45_50_2.prp,16105.0,9178.0,8054.0,7836.0,6889.0,7683.0
A_050_ABS45_50_3.prp,15529.0,9358.0,10060.0,8336.0,7432.0,8474.0
A_050_ABS45_50_4.prp,14394.0,10163.0,10447.0,9250.0,7756.0,9599.0
A_050_ABS45_50_5.prp,16624.0,11126.0,10691.0,10744.0,8673.0,8981.0
A_050_ABS46_50_1.prp,12630.0,8408.0,9070.0,7771.0,7822.0,7663.0
A_050_ABS46_50_2.prp,12012.0,7483.0,7115.0,7557.0,6808.0,6942.0
A_050_ABS46_50_3.prp,13108.0,7840.0,10170.0,7572.0,6986.0,6811.0
A_050_ABS46_50_4.prp,12045.0,8446.0,7723.0,8194.0,6979.0,7230.0
A_050_ABS46_50_5.prp,12138.0,10036.0,8658.0,7310.0,9051.0,7881.0
A_050_ABS47_50_1.prp,13911.0,10413.0,9852.0,7917.0,7624.0,7636.0
A_050_ABS47_50_2.prp,15821.0,8102.0,8099.0,7230.0,6904.0,7679.0
A_050_ABS47_50_3.prp,12396.0,8299.0,8230.0,7663.0,7109.0,7218.0
A_050_ABS47_50_4.prp,13434.0,9801.0,10595.0,8655.0,7793.0,7670.0
A_050_ABS47_50_5.prp,13937.0,10021.0,9578.0,7847.0,7856.0,7532.0
A_050_ABS48_50_1.prp,14726.0,10792.0,10003.0,9572.0,7956.0,8463.0
A_050_ABS48_50_2.prp,16105.0,9178.0,8054.0,7836.0,6889.0,7683.0
A_050_ABS48_50_3.prp,15529.0,9358.0,10060.0,8336.0,7432.0,8474.0
A_050_ABS48_50_4.prp,14394.0,10163.0,10447.0,9250.0,7756.0,9599.0
A_050_ABS48_50_5.prp,16624.0,11126.0,10691.0,10744.0,8673.0,8981.0
A_050_ABS49_50_1.prp,30312.0,20989.0,22664.0,19648.0,18054.0,19159.0
A_050_ABS49_50_2.prp,30071.0,18718.0,17847.0,18904.0,18119.0,17371.0
A_050_ABS49_50_3.prp,32766.0,19591.0,24190.0,18982.0,17466.0,17567.0
A_050_ABS49_50_4.prp,30102.0,21111.0,19305.0,20472.0,17437.0,18073.0
A_050_ABS49_50_5.prp,30341.0,25089.0,21623.0,18262.0,22623.0,18485.0
A_050_ABS4_50_1.prp,6312.0,4474.0,4533.0,3884.0,3950.0,3833.0
A_050_ABS4_50_2.prp,6012.0,3512.0,3566.0,3620.0,3071.0,3470.0
A_050_ABS4_50_3.prp,6553.0,3950.0,4836.0,3792.0,3492.0,3510.0
A_050_ABS4_50_4.prp,6018.0,4222.0,3862.0,4094.0,3490.0,3614.0
A_050_ABS4_50_5.prp,6066.0,5017.0,4324.0,4032.0,4527.0,3701.0
A_050_ABS50_50_1.prp,34758.0,26016.0,24633.0,19789.0,19059.0,19083.0
A_050_ABS50_50_2.prp,39552.0,20275.0,20261.0,18090.0,17277.0,19209.0
A_050_ABS50_50_3.prp,30973.0,20741.0,21238.0,18156.0,17766.0,18082.0
A_050_ABS50_50_4.prp,33567.0,24495.0,26466.0,21625.0,19484.0,20220.0
A_050_ABS50_50_5.prp,34853.0,25064.0,23945.0,19618.0,19681.0,18831.0
A_050_ABS51_50_1.prp,36796.0,26750.0,25005.0,21742.0,19877.0,21147.0
A_050_ABS51_50_2.prp,40276.0,22964.0,20156.0,19607.0,17241.0,19231.0
A_050_ABS51_50_3.prp,38803.0,23381.0,26564.0,20829.0,18563.0,21581.0
A_050_ABS51_50_4.prp,35962.0,25397.0,26098.0,22813.0,19387.0,23984.0
A_050_ABS51_50_5.prp,41563.0,27825.0,26730.0,24271.0,23010.0,22424.0
A_050_ABS52_50_1.prp,30312.0,20989.0,22664.0,19648.0,18054.0,19159.0
A_050_ABS52_50_2.prp,30071.0,18718.0,17847.0,18904.0,18119.0,17371.0
A_050_ABS52_50_3.prp,32766.0,19591.0,24190.0,18982.0,17466.0,17567.0
A_050_ABS52_50_4.prp,30102.0,21111.0,19305.0,20472.0,17437.0,18073.0
A_050_ABS52_50_5.prp,30341.0,25089.0,21623.0,18262.0,22623.0,18485.0
A_050_ABS53_50_1.prp,34758.0,26016.0,24633.0,19789.0,19059.0,19083.0
A_050_ABS53_50_2.prp,39552.0,20275.0,20261.0,18090.0,17277.0,19209.0
A_050_ABS53_50_3.prp,30973.0,20741.0,21238.0,18156.0,17766.0,18082.0
A_050_ABS53_50_4.prp,33567.0,24495.0,26466.0,21625.0,19484.0,20220.0
A_050_ABS53_50_5.prp,34853.0,25064.0,23945.0,19618.0,19681.0,18831.0
A_050_ABS54_50_1.prp,36796.0,26750.0,25005.0,21742.0,19877.0,21147.0
A_050_ABS54_50_2.prp,40276.0,22964.0,20156.0,19607.0,17241.0,19231.0
A_050_ABS54_50_3.prp,38803.0,23381.0,26564.0,20829.0,18563.0,21581.0
A_050_ABS54_50_4.prp,35962.0,25397.0,26098.0,22813.0,19387.0,23984.0
A_050_ABS54_50_5.prp,41563.0,27825.0,26730.0,24271.0,23010.0,22424.0
A_050_ABS55_50_1.prp,30312.0,20989.0,22664.0,19648.0,18054.0,19159.0
A_050_ABS55_50_2.prp,30071.0,18718.0,17847.0,18904.0,18119.0,17371.0
A_050_ABS55_50_3.prp,32766.0,19591.0,24190.0,18982.0,17466.0,17567.0
A_050_ABS55_50_4.prp,30102.0,21111.0,19305.0,20472.0,17437.0,18073.0
A_050_ABS55_50_5.prp,30341.0,25089.0,21623.0,18262.0,22623.0,18485.0
A_050_ABS56_50_1.prp,34758.0,26016.0,24633.0,19789.0,19059.0,19083.0
A_050_ABS56_50_2.prp,39552.0,20275.0,20261.0,18090.0,17277.0,19209.0
A_050_ABS56_50_3.prp,30973.0,20741.0,21238.0,18156.0,17766.0,18082.0
A_050_ABS56_50_4.prp,33567.0,24495.0,26466.0,21625.0,19484.0,20220.0
A_050_ABS56_50_5.prp,34853.0,25064.0,23945.0,19618.0,19681.0,18831.0
A_050_ABS57_50_1.prp,36796.0,26750.0,25005.0,21742.0,19877.0,21147.0
A_050_ABS57_50_2.prp,40276.0,22964.0,20156.0,19607.0,17241.0,19231.0
A_050_ABS57_50_3.prp,38803.0,23381.0,26564.0,20829.0,18563.0,21581.0
A_050_ABS57_50_4.prp,35962.0,25397.0,26098.0,22813.0,19387.0,23984.0
A_050_ABS57_50_5.prp,41563.0,27825.0,26730.0,24271.0,23010.0,22424.0
A_050_ABS58_50_1.prp,30312.0,20989.0,22664.0,19648.0,18054.0,19159.0
A_050_ABS58_50_2.prp,30071.0,18718.0,17847.0,18904.0,18119.0,17371.0
A_050_ABS58_50_3.prp,32766.0,19591.0,24190.0,18982.0,17466.0,17567.0
A_050_ABS58_50_4.prp,30102.0,21111.0,19305.0,20472.0,17437.0,18073.0
A_050_ABS58_50_5.prp,30341.0,25089.0,21623.0,18262.0,22623.0,18485.0
A_050_ABS59_50_1.prp,34758.0,26016.0,24633.0,19789.0,19059.0,19083.0
A_050_ABS59_50_2.prp,39552.0,20275.0,20261.0,18090.0,17277.0,19209.0
A_050_ABS59_50_3.prp,30973.0,20741.0,21238.0,18156.0,17766.0,18082.0
A_050_ABS59_50_4.prp,33567.0,24495.0,26466.0,21625.0,19484.0,20220.0
A_050_ABS59_50_5.prp,34853.0,25064.0,23945.0,19618.0,19681.0,18831.0
A_050_ABS5_50_1.prp,7515.0,5204.0,4928.0,3925.0,3811.0,3819.0
A_050_ABS5_50_2.prp,7908.0,3899.0,4052.0,3614.0,3463.0,3840.0
A_050_ABS5_50_3.prp,6228.0,4144.0,4257.0,3629.0,3550.0,3612.0
A_050_ABS5_50_4.prp,6714.0,4806.0,5293.0,4326.0,3538.0,4063.0
A_050_ABS5_50_5.prp,6970.0,4959.0,4791.0,3923.0,3936.0,3765.0
A_050_ABS60_50_1.prp,36796.0,26750.0,25005.0,21742.0,19877.0,21147.0
A_050_ABS60_50_2.prp,40276.0,22964.0,20156.0,19607.0,17241.0,19231.0
A_050_ABS60_50_3.prp,38803.0,23381.0,26564.0,20829.0,18563.0,21581.0
A_050_ABS60_50_4.prp,35962.0,25397.0,26098.0,22813.0,19387.0,23984.0
A_050_ABS60_50_5.prp,41563.0,27825.0,26730.0,24271.0,23010.0,22424.0
A_050_ABS61_50_1.prp,63146.0,42020.0,45355.0,38859.0,36149.0,38331.0
A_050_ABS61_50_2.prp,60090.0,37420.0,35583.0,37787.0,34050.0,34487.0
A_050_ABS61_50_3.prp,65534.0,39203.0,50854.0,37881.0,34945.0,34074.0
A_050_ABS61_50_4.prp,60239.0,42214.0,38625.0,40971.0,34901.0,36159.0
A_050_ABS61_50_5.prp,60687.0,50965.0,43270.0,36545.0,40653.0,39400.0
A_050_ABS62_50_1.prp,75195.0,52069.0,49268.0,38636.0,38134.0,38189.0
A_050_ABS62_50_2.prp,79099.0,40513.0,40494.0,35151.0,34521.0,38395.0
A_050_ABS62_50_3.prp,61974.0,41503.0,41146.0,38323.0,35562.0,36104.0
A_050_ABS62_50_4.prp,67172.0,49016.0,52979.0,43271.0,38990.0,38364.0
A_050_ABS62_50_5.prp,69696.0,50108.0,47888.0,39225.0,39375.0,37662.0
A_050_ABS63_50_1.prp,73630.0,53981.0,50010.0,43492.0,39761.0,42317.0
A_050_ABS63_50_2.prp,80547.0,45899.0,40274.0,39183.0,34449.0,38419.0
A_050_ABS63_50_3.prp,77637.0,46798.0,50300.0,41694.0,37174.0,42389.0
A_050_ABS63_50_4.prp,71985.0,50715.0,52237.0,45648.0,42189.0,47994.0
A_050_ABS63_50_5.prp,83128.0,55631.0,53445.0,48535.0,43354.0,44844.0
A_050_ABS64_50_1.prp,63146.0,42020.0,45355.0,38859.0,36149.0,38331.0
A_050_ABS64_50_2.prp,60090.0,37420.0,35583.0,37787.0,34050.0,34487.0
A_050_ABS64_50_3.prp,65534.0,39203.0,50854.0,37881.0,34945.0,34074.0
A_050_ABS64_50_4.prp,60239.0,42214.0,38625.0,40971.0,34901.0,36159.0
A_050_ABS64_50_5.prp,60687.0,50965.0,43270.0,36545.0,40653.0,39400.0
A_050_ABS65_50_1.prp,75195.0,52069.0,49268.0,38636.0,38134.0,38189.0
A_050_ABS65_50_2.prp,79099.0,40513.0,40494.0,35151.0,34521.0,38395.0
A_050_ABS65_50_3.prp,61974.0,41503.0,41146.0,38323.0,35562.0,36104.0
A_050_ABS65_50_4.prp,67172.0,49016.0,52979.0,43271.0,38990.0,38364.0
A_050_ABS65_50_5.prp,69696.0,50108.0,47888.0,39225.0,39375.0,37662.0
A_050_ABS66_50_1.prp,73630.0,53981.0,50010.0,43492.0,39761.0,42317.0
A_050_ABS66_50_2.prp,80547.0,45899.0,40274.0,39183.0,34449.0,38419.0
A_050_ABS66_50_3.prp,77637.0,46798.0,50300.0,41694.0,37174.0,42389.0
A_050_ABS66_50_4.prp,71985.0,50715.0,52237.0,45648.0,42189.0,47994.0
A_050_ABS66_50_5.prp,83128.0,55631.0,53445.0,48535.0,43354.0,44844.0
A_050_ABS67_50_1.prp,63146.0,42020.0,45355.0,38859.0,36149.0,38331.0
A_050_ABS67_50_2.prp,60090.0,37420.0,35583.0,37787.0,34050.0,34487.0
A_050_ABS67_50_3.prp,65534.0,39203.0,50854.0,37881.0,34945.0,34074.0
A_050_ABS67_50_4.prp,60239.0,42214.0,38625.0,40971.0,34901.0,36159.0
A_050_ABS67_50_5.prp,60687.0,50965.0,43270.0,36545.0,40653.0,39400.0
A_050_ABS68_50_1.prp,75195.0,52069.0,49268.0,38636.0,38134.0,38189.0
A_050_ABS68_50_2.prp,79099.0,40513.0,40494.0,35151.0,34521.0,38395.0
A_050_ABS68_50_3.prp,61974.0,41503.0,41146.0,38323.0,35562.0,36104.0
A_050_ABS68_50_4.prp,67172.0,49016.0,52979.0,43271.0,38990.0,38364.0
A_050_ABS68_50_5.prp,69696.0,50108.0,47888.0,39225.0,39375.0,37662.0
A_050_ABS69_50_1.prp,73630.0,53981.0,50010.0,43492.0,39761.0,42317.0
A_050_ABS69_50_2.prp,80547.0,45899.0,40274.0,39183.0,34449.0,38419.0
A_050_ABS69_50_3.prp,77637.0,46798.0,50300.0,41694.0,37174.0,42389.0
A_050_ABS69_50_4.prp,71985.0,50715.0,52237.0,45648.0,42189.0,47994.0
A_050_ABS69_50_5.prp,83128.0,55631.0,53445.0,48535.0,43354.0,44844.0
A_050_ABS6_50_1.prp,7359.0,5349.0,5001.0,4350.0,3971.0,4229.0
A_050_ABS6_50_2.prp,8056.0,4589.0,4027.0,3918.0,3444.0,3840.0
A_050_ABS6_50_3.prp,7759.0,4675.0,5310.0,4163.0,3710.0,4306.0
A_050_ABS6_50_4.prp,7194.0,5082.0,5221.0,4652.0,3893.0,4798.0
A_050_ABS6_50_5.prp,8310.0,5618.0,5343.0,4200.0,4468.0,4559.0
A_050_ABS70_50_1.prp,63146.0,42020.0,45355.0,38859.0,36149.0,38331.0
A_050_ABS70_50_2.prp,60090.0,37420.0,35583.0,37787.0,34050.0,34487.0
A_050_ABS70_50_3.prp,65534.0,39203.0,50854.0,37881.0,34945.0,34074.0
A_050_ABS70_50_4.prp,60239.0,42214.0,38625.0,40971.0,34901.0,36159.0
A_050_ABS70_50_5.prp,60687.0,50965.0,43270.0,36545.0,40653.0,39400.0
A_050_ABS71_50_1.prp,75195.0,52069.0,49268.0,38636.0,38134.0,38189.0
A_050_ABS71_50_2.prp,79099.0,40513.0,40494.0,35151.0,34521.0,38395.0
A_050_ABS71_50_3.prp,61974.0,41503.0,41146.0,38323.0,35562.0,36104.0
A_050_ABS71_50_4.prp,67172.0,49016.0,52979.0,43271.0,38990.0,38364.0
A_050_ABS71_50_5.prp,69696.0,50108.0,47888.0,39225.0,39375.0,37662.0
A_050_ABS72_50_1.prp,73630.0,53981.0,50010.0,43492.0,39761.0,42317.0
A_050_ABS72_50_2.prp,80547.0,45899.0,40274.0,39183.0,34449.0,38419.0
A_050_ABS72_50_3.prp,77637.0,46798.0,50300.0,41694.0,37174.0,42389.0
A_050_ABS72_50_4.prp,71985.0,50715.0,52237.0,45648.0,42189.0,47994.0
A_050_ABS72_50_5.prp,83128.0,55631.0,53445.0,48535.0,43354.0,44844.0
A_050_ABS73_50_1.prp,6312.0,4474.0,4533.0,3884.0,3950.0,3833.0
A_050_ABS73_50_2.prp,6012.0,3512.0,3566.0,3620.0,3071.0,3470.0
A_050_ABS73_50_3.prp,6553.0,3950.0,4836.0,3792.0,3492.0,3510.0
A_050_ABS73_50_4.prp,6018.0,4222.0,3862.0,4094.0,3490.0,3614.0
A_050_ABS73_50_5.prp,6066.0,5017.0,4324.0,4032.0,4527.0,3701.0
A_050_ABS74_50_1.prp,7515.0,5204.0,4928.0,3925.0,3811.0,3819.0
A_050_ABS74_50_2.prp,7908.0,3899.0,4052.0,3614.0,3463.0,3840.0
A_050_ABS74_50_3.prp,6228.0,4144.0,4257.0,3629.0,3550.0,3612.0
A_050_ABS74_50_4.prp,6714.0,4806.0,5293.0,4326.0,3538.0,4063.0
A_050_ABS74_50_5.prp,6970.0,4959.0,4791.0,3923.0,3936.0,3765.0
A_050_ABS75_50_1.prp,7359.0,5349.0,5001.0,4350.0,3971.0,4229.0
A_050_ABS75_50_2.prp,8056.0,4589.0,4027.0,3918.0,3444.0,3840.0
A_050_ABS75_50_3.prp,7759.0,4675.0,5310.0,4163.0,3710.0,4306.0
A_050_ABS75_50_4.prp,7194.0,5082.0,5221.0,4652.0,3893.0,4798.0
A_050_ABS75_50_5.prp,8310.0,5618.0,5343.0,4200.0,4468.0,4559.0
A_050_ABS76_50_1.prp,6312.0,4474.0,4533.0,3884.0,3950.0,3833.0
A_050_ABS76_50_2.prp,6012.0,3512.0,3566.0,3620.0,3071.0,3470.0
A_050_ABS76_50_3.prp,6553.0,3950.0,4836.0,3792.0,3492.0,3510.0
A_050_ABS76_50_4.prp,6018.0,4222.0,3862.0,4094.0,3490.0,3614.0
A_050_ABS76_50_5.prp,6066.0,5017.0,4324.0,4032.0,4527.0,3701.0
A_050_ABS77_50_1.prp,7515.0,5204.0,4928.0,3925.0,3811.0,3819.0
A_050_ABS77_50_2.prp,7908.0,3899.0,4052.0,3614.0,3463.0,3840.0
A_050_ABS77_50_3.prp,6228.0,4144.0,4257.0,3629.0,3550.0,3612.0
A_050_ABS77_50_4.prp,6714.0,4806.0,5293.0,4326.0,3538.0,4063.0
A_050_ABS77_50_5.prp,6970.0,4959.0,4791.0,3923.0,3936.0,3765.0
A_050_ABS78_50_1.prp,7359.0,5349.0,5001.0,4350.0,3971.0,4229.0
A_050_ABS78_50_2.prp,8056.0,4589.0,4027.0,3918.0,3444.0,3840.0
A_050_ABS78_50_3.prp,7759.0,4675.0,5310.0,4163.0,3710.0,4306.0
A_050_ABS78_50_4.prp,7194.0,5082.0,5221.0,4652.0,3893.0,4798.0
A_050_ABS78_50_5.prp,8310.0,5618.0,5343.0,4200.0,4468.0,4559.0
A_050_ABS79_50_1.prp,12630.0,8408.0,9070.0,7771.0,7822.0,7663.0
A_050_ABS79_50_2.prp,12012.0,7483.0,7115.0,7557.0,6808.0,6942.0
A_050_ABS79_50_3.prp,13108.0,7840.0,10170.0,7572.0,6986.0,6811.0
A_050_ABS79_50_4.prp,12045.0,8446.0,7723.0,8194.0,6979.0,7230.0
A_050_ABS79_50_5.prp,12138.0,10036.0,8658.0,7310.0,9051.0,7881.0
A_050_ABS7_50_1.prp,6312.0,4474.0,4533.0,3884.0,3950.0,3833.0
A_050_ABS7_50_2.prp,6012.0,3512.0,3566.0,3620.0,3071.0,3470.0
A_050_ABS7_50_3.prp,6553.0,3950.0,4836.0,3792.0,3492.0,3510.0
A_050_ABS7_50_4.prp,6018.0,4222.0,3862.0,4094.0,3490.0,3614.0
A_050_ABS7_50_5.prp,6066.0,5017.0,4324.0,4032.0,4527.0,3701.0
A_050_ABS80_50_1.prp,13911.0,10413.0,9852.0,7917.0,7624.0,7636.0
A_050_ABS80_50_2.prp,15821.0,8102.0,8099.0,7230.0,6904.0,7679.0
A_050_ABS80_50_3.prp,12396.0,8299.0,8230.0,7663.0,7109.0,7218.0
A_050_ABS80_50_4.prp,13434.0,9801.0,10595.0,8655.0,7793.0,7670.0
A_050_ABS80_50_5.prp,13937.0,10021.0,9578.0,7847.0,7856.0,7532.0
A_050_ABS81_50_1.prp,14726.0,10792.0,10003.0,9572.0,7956.0,8463.0
A_050_ABS81_50_2.prp,16105.0,9178.0,8054.0,7836.0,6889.0,7683.0
A_050_ABS81_50_3.prp,15529.0,9358.0,10060.0,8336.0,7432.0,8474.0
A_050_ABS81_50_4.prp,14394.0,10163.0,10447.0,9250.0,7756.0,9599.0
A_050_ABS81_50_5.prp,16624.0,11126.0,10691.0,10744.0,8673.0,8981.0
A_050_ABS82_50_1.prp,12630.0,8408.0,9070.0,7771.0,7822.0,7663.0
A_050_ABS82_50_2.prp,12012.0,7483.0,7115.0,7557.0,6808.0,6942.0
A_050_ABS82_50_3.prp,13108.0,7840.0,10170.0,7572.0,6986.0,6811.0
A_050_ABS82_50_4.prp,12045.0,8446.0,7723.0,8194.0,6979.0,7230.0
A_050_ABS82_50_5.prp,12138.0,10036.0,8658.0,7310.0,9051.0,7881.0
A_050_ABS83_50_1.prp,13911.0,10413.0,9852.0,7917.0,7624.0,7636.0
A_050_ABS83_50_2.prp,15821.0,8102.0,8099.0,7230.0,6904.0,7679.0
A_050_ABS83_50_3.prp,12396.0,8299.0,8230.0,7663.0,7109.0,7218.0
A_050_ABS83_50_4.prp,13434.0,9801.0,10595.0,8655.0,7793.0,7670.0
A_050_ABS83_50_5.prp,13937.0,10021.0,9578.0,7847.0,7856.0,7532.0
A_050_ABS84_50_1.prp,14726.0,10792.0,10003.0,9572.0,7956.0,8463.0
A_050_ABS84_50_2.prp,16105.0,9178.0,8054.0,7836.0,6889.0,7683.0
A_050_ABS84_50_3.prp,15529.0,9358.0,10060.0,8336.0,7432.0,8474.0
A_050_ABS84_50_4.prp,14394.0,10163.0,10447.0,9250.0,7756.0,9599.0
A_050_ABS84_50_5.prp,16624.0,11126.0,10691.0,10744.0,8673.0,8981.0
A_050_ABS85_50_1.prp,6312.0,4474.0,4533.0,3884.0,3950.0,3833.0
A_050_ABS85_50_2.prp,6012.0,3512.0,3566.0,3620.0,3071.0,3470.0
A_050_ABS85_50_3.prp,6553.0,3950.0,4836.0,3792.0,3492.0,3510.0
A_050_ABS85_50_4.prp,6018.0,4222.0,3862.0,4094.0,3490.0,3614.0
A_050_ABS85_50_5.prp,6066.0,5017.0,4324.0,4032.0,4527.0,3701.0
A_050_ABS86_50_1.prp,7515.0,5204.0,4928.0,3925.0,3811.0,3819.0
A_050_ABS86_50_2.prp,7908.0,3899.0,4052.0,3614.0,3463.0,3840.0
A_050_ABS86_50_3.prp,6228.0,4144.0,4257.0,3629.0,3550.0,3612.0
A_050_ABS86_50_4.prp,6714.0,4806.0,5293.0,4326.0,3538.0,4063.0
A_050_ABS86_50_5.prp,6970.0,4959.0,4791.0,3923.0,3936.0,3765.0
A_050_ABS87_50_1.prp,7359.0,5349.0,5001.0,4350.0,3971.0,4229.0
A_050_ABS87_50_2.prp,8056.0,4589.0,4027.0,3918.0,3444.0,3840.0
A_050_ABS87_50_3.prp,7759.0,4675.0,5310.0,4163.0,3710.0,4306.0
A_050_ABS87_50_4.prp,7194.0,5082.0,5221.0,4652.0,3893.0,4798.0
A_050_ABS87_50_5.prp,8310.0,5618.0,5343.0,4200.0,4468.0,4559.0
A_050_ABS88_50_1.prp,6312.0,4474.0,4533.0,3884.0,3950.0,3833.0
A_050_ABS88_50_2.prp,6012.0,3512.0,3566.0,3620.0,3071.0,3470.0
A_050_ABS88_50_3.prp,6553.0,3950.0,4836.0,3792.0,3492.0,3510.0
A_050_ABS88_50_4.prp,6018.0,4222.0,3862.0,4094.0,3490.0,3614.0
A_050_ABS88_50_5.prp,6066.0,5017.0,4324.0,4032.0,4527.0,3701.0
A_050_ABS89_50_1.prp,7515.0,5204.0,4928.0,3925.0,3811.0,3819.0
A_050_ABS89_50_2.prp,7908.0,3899.0,4052.0,3614.0,3463.0,3840.0
A_050_ABS89_50_3.prp,6228.0,4144.0,4257.0,3629.0,3550.0,3612.0
A_050_ABS89_50_4.prp,6714.0,4806.0,5293.0,4326.0,3538.0,4063.0
A_050_ABS89_50_5.prp,6970.0,4959.0,4791.0,3923.0,3936.0,3765.0
A_050_ABS8_50_1.prp,7515.0,5204.0,4928.0,3925.0,3811.0,3819.0
A_050_ABS8_50_2.prp,7908.0,3899.0,4052.0,3614.0,3463.0,3840.0
A_050_ABS8_50_3.prp,6228.0,4144.0,4257.0,3629.0,3550.0,3612.0
A_050_ABS8_50_4.prp,6714.0,4806.0,5293.0,4326.0,3538.0,4063.0
A_050_ABS8_50_5.prp,6970.0,4959.0,4791.0,3923.0,3936.0,3765.0
A_050_ABS90_50_1.prp,7359.0,5349.0,5001.0,4350.0,3971.0,4229.0
A_050_ABS90_50_2.prp,8056.0,4589.0,4027.0,3918.0,3444.0,3840.0
A_050_ABS90_50_3.prp,7759.0,4675.0,5310.0,4163.0,3710.0,4306.0
A_050_ABS90_50_4.prp,7194.0,5082.0,5221.0,4652.0,3893.0,4798.0
A_050_ABS90_50_5.prp,8310.0,5618.0,5343.0,4200.0,4468.0,4559.0
A_050_ABS91_50_1.prp,12630.0,8408.0,9070.0,7771.0,7822.0,7663.0
A_050_ABS91_50_2.prp,12012.0,7483.0,7115.0,7557.0,6808.0,6942.0
A_050_ABS91_50_3.prp,13108.0,7840.0,10170.0,7572.0,6986.0,6811.0
A_050_ABS91_50_4.prp,12045.0,8446.0,7723.0,8194.0,6979.0,7230.0
A_050_ABS91_50_5.prp,12138.0,10036.0,8658.0,7310.0,9051.0,7881.0
A_050_ABS92_50_1.prp,13911.0,10413.0,9852.0,7917.0,7624.0,7636.0
A_050_ABS92_50_2.prp,15821.0,8102.0,8099.0,7230.0,6904.0,7679.0
A_050_ABS92_50_3.prp,12396.0,8299.0,8230.0,7663.0,7109.0,7218.0
A_050_ABS92_50_4.prp,13434.0,9801.0,10595.0,8655.0,7793.0,7670.0
A_050_ABS92_50_5.prp,13937.0,10021.0,9578.0,7847.0,7856.0,7532.0
A_050_ABS93_50_1.prp,14726.0,10792.0,10003.0,9572.0,7956.0,8463.0
A_050_ABS93_50_2.prp,16105.0,9178.0,8054.0,7836.0,6889.0,7683.0
A_050_ABS93_50_3.prp,15529.0,9358.0,10060.0,8336.0,7432.0,8474.0
A_050_ABS93_50_4.prp,14394.0,10163.0,10447.0,9250.0,7756.0,9599.0
A_050_ABS93_50_5.prp,16624.0,11126.0,10691.0,10744.0,8673.0,8981.0
A_050_ABS94_50_1.prp,12630.0,8408.0,9070.0,7771.0,7822.0,7663.0
A_050_ABS94_50_2.prp,12012.0,7483.0,7115.0,7557.0,6808.0,6942.0
A_050_ABS94_50_3.prp,13108.0,7840.0,10170.0,7572.0,6986.0,6811.0
A_050_ABS94_50_4.prp,12045.0,8446.0,7723.0,8194.0,6979.0,7230.0
A_050_ABS94_50_5.prp,12138.0,10036.0,8658.0,7310.0,9051.0,7881.0
A_050_ABS95_50_1.prp,13911.0,10413.0,9852.0,7917.0,7624.0,7636.0
A_050_ABS95_50_2.prp,15821.0,8102.0,8099.0,7230.0,6904.0,7679.0
A_050_ABS95_50_3.prp,12396.0,8299.0,8230.0,7663.0,7109.0,7218.0
A_050_ABS95_50_4.prp,13434.0,9801.0,10595.0,8655.0,7793.0,7670.0
A_050_ABS95_50_5.prp,13937.0,10021.0,9578.0,7847.0,7856.0,7532.0
A_050_ABS96_50_1.prp,14726.0,10792.0,10003.0,9572.0,7956.0,8463.0
A_050_ABS96_50_2.prp,16105.0,9178.0,8054.0,7836.0,6889.0,7683.0
A_050_ABS96_50_3.prp,15529.0,9358.0,10060.0,8336.0,7432.0,8474.0
A_050_ABS96_50_4.prp,14394.0,10163.0,10447.0,9250.0,7756.0,9599.0
A_050_ABS96_50_5.prp,16624.0,11126.0,10691.0,10744.0,8673.0,8981.0
A_050_ABS9_50_1.prp,7359.0,5349.0,5001.0,4350.0,3971.0,4229.0
A_050_ABS9_50_2.prp,8056.0,4589.0,4027.0,3918.0,3444.0,3840.0
A_050_ABS9_50_3.prp,7759.0,4675.0,5310.0,4163.0,3710.0,4306.0
A_050_ABS9_50_4.prp,7194.0,5082.0,5221.0,4652.0,3893.0,4798.0
A_050_ABS9_50_5.prp,8310.0,5618.0,5343.0,4200.0,4468.0,4559.0
A_100_ABS10_100_1.prp,11528.0,7013.0,7716.0,6670.0,5634.0,5689.0
A_100_ABS10_100_2.prp,11680.0,6649.0,7250.0,6546.0,5340.0,5757.0
A_100_ABS10_100_3.prp,12957.0,8034.0,7945.0,6330.0,5210.0,5375.0
A_100_ABS10_100_4.prp,12710.0,6715.0,6175.0,6212.0,5286.0,5563.0
A_100_ABS10_100_5.prp,11469.0,7568.0,8077.0,6527.0,5598.0,6490.0
A_100_ABS11_100_1.prp,11973.0,7222.0,8149.0,6187.0,5934.0,6244.0
A_100_ABS11_100_2.prp,13160.0,6983.0,8602.0,6243.0,5793.0,6527.0
A_100_ABS11_100_3.prp,13192.0,7896.0,8238.0,7349.0,5940.0,6294.0
A_100_ABS11_100_4.prp,12182.0,7189.0,7353.0,6514.0,5843.0,6199.0
A_100_ABS11_100_5.prp,12769.0,8023.0,8219.0,6319.0,6201.0,6792.0
A_100_ABS12_100_1.prp,13578.0,8527.0,9477.0,6859.0,6434.0,6708.0
A_100_ABS12_100_2.prp,15090.0,8645.0,9817.0,6489.0,6230.0,6657.0
A_100_ABS12_100_3.prp,15358.0,9325.0,10677.0,7549.0,6451.0,7681.0
A_100_ABS12_100_4.prp,14672.0,7814.0,8591.0,7341.0,6457.0,7523.0
A_100_ABS12_100_5.prp,15448.0,9066.0,10769.0,6854.0,7057.0,8250.0
A_100_ABS13_100_1.prp,22833.0,14565.0,15241.0,11860.0,12018.0,11566.0
A_100_ABS13_100_2.prp,23459.0,13042.0,14530.0,12465.0,10882.0,11367.0
A_100_ABS13_100_3.prp,24553.0,16559.0,15900.0,12714.0,10339.0,10957.0
A_100_ABS13_100_4.prp,25412.0,13648.0,12342.0,12343.0,10933.0,11114.0
A_100_ABS13_100_5.prp,23013.0,14698.0,16151.0,11553.0,11339.0,12755.0
A_100_ABS14_100_1.prp,23950.0,14933.0,16283.0,13146.0,10932.0,12171.0
A_100_ABS14_100_2.prp,26761.0,14035.0,17647.0,12552.0,11561.0,12929.0
A_100_ABS14_100_3.prp,26371.0,15625.0,16497.0,13142.0,11910.0,12394.0
A_100_ABS14_100_4.prp,26114.0,14563.0,14688.0,12631.0,11752.0,12310.0
A_100_ABS14_100_5.prp,25532.0,15412.0,16343.0,12524.0,12978.0,13519.0
A_100_ABS15_100_1.prp,27657.0,17329.0,18961.0,12793.0,12724.0,14359.0
A_100_ABS15_100_2.prp,30180.0,17289.0,19637.0,13685.0,12419.0,13026.0
A_100_ABS15_100_3.prp,30700.0,18805.0,21337.0,14526.0,12870.0,15368.0
A_100_ABS15_100_4.prp,29343.0,15623.0,17186.0,12075.0,11855.0,15048.0
A_100_ABS15_100_5.prp,30897.0,17999.0,21546.0,13459.0,11984.0,16445.0
A_100_ABS16_100_1.prp,22833.0,14565.0,15241.0,11860.0,12018.0,11566.0
A_100_ABS16_100_2.prp,23459.0,13042.0,14530.0,12465.0,10882.0,11367.0
A_100_ABS16_100_3.prp,24553.0,16559.0,15900.0,12714.0,10339.0,10957.0
A_100_ABS16_100_4.prp,25412.0,13648.0,12342.0,12343.0,10933.0,11114.0
A_100_ABS16_100_5.prp,23013.0,14698.0,16151.0,11553.0,11339.0,12755.0
A_100_ABS17_100_1.prp,23950.0,14933.0,16283.0,13146.0,10932.0,12171.0
A_100_ABS17_100_2.prp,26761.0,14035.0,17647.0,12552.0,11561.0,12929.0
A_100_ABS17_100_3.prp,26371.0,15625.0,16497.0,13142.0,11910.0,12394.0
A_100_ABS17_100_4.prp,26114.0,14563.0,14688.0,12631.0,11752.0,12310.0
A_100_ABS17_100_5.prp,25532.0,15412.0,16343.0,12524.0,12978.0,13519.0
A_100_ABS18_100_1.prp,27657.0,17329.0,18961.0,12793.0,12724.0,14359.0
A_100_ABS18_100_2.prp,30180.0,17289.0,19637.0,13685.0,12419.0,13026.0
A_100_ABS18_100_3.prp,30700.0,18805.0,21337.0,14526.0,12870.0,15368.0
A_100_ABS18_100_4.prp,29343.0,15623.0,17186.0,12075.0,11855.0,15048.0
A_100_ABS18_100_5.prp,30897.0,17999.0,21546.0,13459.0,11984.0,16445.0
A_100_ABS19_100_1.prp,22833.0,14565.0,15241.0,11860.0,12018.0,11566.0
A_100_ABS19_100_2.prp,23459.0,13042.0,14530.0,12465.0,10882.0,11367.0
A_100_ABS19_100_3.prp,24553.0,16559.0,15900.0,12714.0,10339.0,10957.0
A_100_ABS19_100_4.prp,25412.0,13648.0,12342.0,12343.0,10933.0,11114.0
A_100_ABS19_100_5.prp,23013.0,14698.0,16151.0,11553.0,11339.0,12755.0
A_100_ABS1_100_1.prp,11528.0,7013.0,7716.0,6670.0,5634.0,5689.0
A_100_ABS1_100_2.prp,11680.0,6649.0,7250.0,6546.0,5340.0,5757.0
A_100_ABS1_100_3.prp,12957.0,8034.0,7945.0,6330.0,5210.0,5375.0
A_100_ABS1_100_4.prp,12710.0,6715.0,6175.0,6212.0,5286.0,5563.0
A_100_ABS1_100_5.prp,11469.0,7568.0,8077.0,6527.0,5598.0,6490.0
A_100_ABS20_100_1.prp,23950.0,14933.0,16283.0,13146.0,10932.0,12171.0
A_100_ABS20_100_2.prp,26761.0,14035.0,17647.0,12552.0,11561.0,12929.0
A_100_ABS20_100_3.prp,26371.0,15625.0,16497.0,13142.0,11910.0,12394.0
A_100_ABS20_100_4.prp,26114.0,14563.0,14688.0,12631.0,11752.0,12310.0
A_100_ABS20_100_5.prp,25532.0,15412.0,16343.0,12524.0,12978.0,13519.0
A_100_ABS21_100_1.prp,27657.0,17329.0,18961.0,12793.0,12724.0,14359.0
A_100_ABS21_100_2.prp,30180.0,17289.0,19637.0,13685.0,12419.0,13026.0
A_100_ABS21_100_3.prp,30700.0,18805.0,21337.0,14526.0,12870.0,15368.0
A_100_ABS21_100_4.prp,29343.0,15623.0,17186.0,12075.0,11855.0,15048.0
A_100_ABS21_100_5.prp,30897.0,17999.0,21546.0,13459.0,11984.0,16445.0
A_100_ABS22_100_1.prp,22833.0,14565.0,15241.0,11860.0,12018.0,11566.0
A_100_ABS22_100_2.prp,23459.0,13042.0,14530.0,12465.0,10882.0,11367.0
A_100_ABS22_100_3.prp,24553.0,16559.0,15900.0,12714.0,10339.0,10957.0
A_100_ABS22_100_4.prp,25412.0,13648.0,12342.0,12343.0,10933.0,11114.0
A_100_ABS22_100_5.prp,23013.0,14698.0,16151.0,11553.0,11339.0,12755.0
A_100_ABS23_100_1.prp,23950.0,14933.0,16283.0,13146.0,10932.0,12171.0
A_100_ABS23_100_2.prp,26761.0,14035.0,17647.0,12552.0,11561.0,12929.0
A_100_ABS23_100_3.prp,26371.0,15625.0,16497.0,13142.0,11910.0,12394.0
A_100_ABS23_100_4.prp,26114.0,14563.0,14688.0,12631.0,11752.0,12310.0
A_100_ABS23_100_5.prp,25532.0,15412.0,16343.0,12524.0,12978.0,13519.0
A_100_ABS24_100_1.prp,27657.0,17329.0,18961.0,12793.0,12724.0,14359.0
A_100_ABS24_100_2.prp,30180.0,17289.0,19637.0,13685.0,12419.0,13026.0
A_100_ABS24_100_3.prp,30700.0,18805.0,21337.0,14526.0,12870.0,15368.0
A_100_ABS24_100_4.prp,29343.0,15623.0,17186.0,12075.0,11855.0,15048.0
A_100_ABS24_100_5.prp,30897.0,17999.0,21546.0,13459.0,11984.0,16445.0
A_100_ABS25_100_1.prp,11528.0,7013.0,7716.0,6670.0,5634.0,5689.0
A_100_ABS25_100_2.prp,11680.0,6649.0,7250.0,6546.0,5340.0,5757.0
A_100_ABS25_100_3.prp,12957.0,8034.0,7945.0,6330.0,5210.0,5375.0
A_100_ABS25_100_4.prp,12710.0,6715.0,6175.0,6212.0,5286.0,5563.0
A_100_ABS25_100_5.prp,11469.0,7568.0,8077.0,6527.0,5598.0,6490.0
A_100_ABS26_100_1.prp,11973.0,7222.0,8149.0,6187.0,5934.0,6244.0
A_100_ABS26_100_2.prp,13160.0,6983.0,8602.0,6243.0,5793.0,6527.0
A_100_ABS26_100_3.prp,13192.0,7896.0,8238.0,7349.0,5940.0,6294.0
A_100_ABS26_100_4.prp,12182.0,7189.0,7353.0,6514.0,5843.0,6199.0
A_100_ABS26_100_5.prp,12769.0,8023.0,8219.0,6319.0,6201.0,6792.0
A_100_ABS27_100_1.prp,13578.0,8527.0,9477.0,6859.0,6434.0,6708.0
A_100_ABS27_100_2.prp,15090.0,8645.0,9817.0,6489.0,6230.0,6657.0
A_100_ABS27_100_3.prp,15358.0,9325.0,10677.0,7549.0,6451.0,7681.0
A_100_ABS27_100_4.prp,14672.0,7814.0,8591.0,7341.0,6457.0,7523.0
A_100_ABS27_100_5.prp,15448.0,9066.0,10769.0,6854.0,7057.0,8250.0
A_100_ABS28_100_1.prp,11528.0,7013.0,7716.0,6670.0,5634.0,5689.0
A_100_ABS28_100_2.prp,11680.0,6649.0,7250.0,6546.0,5340.0,5757.0
A_100_ABS28_100_3.prp,12957.0,8034.0,7945.0,6330.0,5210.0,5375.0
A_100_ABS28_100_4.prp,12710.0,6715.0,6175.0,6212.0,5286.0,5563.0
A_100_ABS28_100_5.prp,11469.0,7568.0,8077.0,6527.0,5598.0,6490.0
A_100_ABS29_100_1.prp,11973.0,7222.0,8149.0,6187.0,5934.0,6244.0
A_100_ABS29_100_2.prp,13160.0,6983.0,8602.0,6243.0,5793.0,6527.0
A_100_ABS29_100_3.prp,13192.0,7896.0,8238.0,7349.0,5940.0,6294.0
A_100_ABS29_100_4.prp,12182.0,7189.0,7353.0,6514.0,5843.0,6199.0
A_100_ABS29_100_5.prp,12769.0,8023.0,8219.0,6319.0,6201.0,6792.0
A_100_ABS2_100_1.prp,11973.0,7222.0,8149.0,6187.0,5934.0,6244.0
A_100_ABS2_100_2.prp,13160.0,6983.0,8602.0,6243.0,5793.0,6527.0
A_100_ABS2_100_3.prp,13192.0,7896.0,8238.0,7349.0,5940.0,6294.0
A_100_ABS2_100_4.prp,12182.0,7189.0,7353.0,6514.0,5843.0,6199.0
A_100_ABS2_100_5.prp,12769.0,8023.0,8219.0,6319.0,6201.0,6792.0
A_100_ABS30_100_1.prp,13578.0,8527.0,9477.0,6859.0,6434.0,6708.0
A_100_ABS30_100_2.prp,15090.0,8645.0,9817.0,6489.0,6230.0,6657.0
A_100_ABS30_100_3.prp,15358.0,9325.0,10677.0,7549.0,6451.0,7681.0
A_100_ABS30_100_4.prp,14672.0,7814.0,8591.0,7341.0,6457.0,7523.0
A_100_ABS30_100_5.prp,15448.0,9066.0,10769.0,6854.0,7057.0,8250.0
A_100_ABS31_100_1.prp,11528.0,7013.0,7716.0,6670.0,5634.0,5689.0
A_100_ABS31_100_2.prp,11680.0,6649.0,7250.0,6546.0,5340.0,5757.0
A_100_ABS31_100_3.prp,12957.0,8034.0,7945.0,6330.0,5210.0,5375.0
A_100_ABS31_100_4.prp,12710.0,6715.0,6175.0,6212.0,5286.0,5563.0
A_100_ABS31_100_5.prp,11469.0,7568.0,8077.0,6527.0,5598.0,6490.0
A_100_ABS32_100_1.prp,11973.0,7222.0,8149.0,6187.0,5934.0,6244.0
A_100_ABS32_100_2.prp,13160.0,6983.0,8602.0,6243.0,5793.0,6527.0
A_100_ABS32_100_3.prp,13192.0,7896.0,8238.0,7349.0,5940.0,6294.0
A_100_ABS32_100_4.prp,12182.0,7189.0,7353.0,6514.0,5843.0,6199.0
A_100_ABS32_100_5.prp,12769.0,8023.0,8219.0,6319.0,6201.0,6792.0
A_100_ABS33_100_1.prp,13578.0,8527.0,9477.0,6859.0,6434.0,6708.0
A_100_ABS33_100_2.prp,15090.0,8645.0,9817.0,6489.0,6230.0,6657.0
A_100_ABS33_100_3.prp,15358.0,9325.0,10677.0,7549.0,6451.0,7681.0
A_100_ABS33_100_4.prp,14672.0,7814.0,8591.0,7341.0,6457.0,7523.0
A_100_ABS33_100_5.prp,15448.0,9066.0,10769.0,6854.0,7057.0,8250.0
A_100_ABS34_100_1.prp,11528.0,7013.0,7716.0,6670.0,5634.0,5689.0
A_100_ABS34_100_2.prp,11680.0,6649.0,7250.0,6546.0,5340.0,5757.0
A_100_ABS34_100_3.prp,12957.0,8034.0,7945.0,6330.0,5210.0,5375.0
A_100_ABS34_100_4.prp,12710.0,6715.0,6175.0,6212.0,5286.0,5563.0
A_100_ABS34_100_5.prp,11469.0,7568.0,8077.0,6527.0,5598.0,6490.0
A_100_ABS35_100_1.prp,11973.0,7222.0,8149.0,6187.0,5934.0,6244.0
A_100_ABS35_100_2.prp,13160.0,6983.0,8602.0,6243.0,5793.0,6527.0
A_100_ABS35_100_3.prp,13192.0,7896.0,8238.0,7349.0,5940.0,6294.0
A_100_ABS35_100_4.prp,12182.0,7189.0,7353.0,6514.0,5843.0,6199.0
A_100_ABS35_100_5.prp,12769.0,8023.0,8219.0,6319.0,6201.0,6792.0
A_100_ABS36_100_1.prp,13578.0,8527.0,9477.0,6859.0,6434.0,6708.0
A_100_ABS36_100_2.prp,15090.0,8645.0,9817.0,6489.0,6230.0,6657.0
A_100_ABS36_100_3.prp,15358.0,9325.0,10677.0,7549.0,6451.0,7681.0
A_100_ABS36_100_4.prp,14672.0,7814.0,8591.0,7341.0,6457.0,7523.0
A_100_ABS36_100_5.prp,15448.0,9066.0,10769.0,6854.0,7057.0,8250.0
A_100_ABS37_100_1.prp,22833.0,14565.0,15241.0,11860.0,12018.0,11566.0
A_100_ABS37_100_2.prp,23459.0,13042.0,14530.0,12465.0,10882.0,11367.0
A_100_ABS37_100_3.prp,24553.0,16559.0,15900.0,12714.0,10339.0,10957.0
A_100_ABS37_100_4.prp,25412.0,13648.0,12342.0,12343.0,10933.0,11114.0
A_100_ABS37_100_5.prp,23013.0,14698.0,16151.0,11553.0,11339.0,12755.0
A_100_ABS38_100_1.prp,23950.0,14933.0,16283.0,13146.0,10932.0,12171.0
A_100_ABS38_100_2.prp,26761.0,14035.0,17647.0,12552.0,11561.0,12929.0
A_100_ABS38_100_3.prp,26371.0,15625.0,16497.0,13142.0,11910.0,12394.0
A_100_ABS38_100_4.prp,26114.0,14563.0,14688.0,12631.0,11752.0,12310.0
A_100_ABS38_100_5.prp,25532.0,15412.0,16343.0,12524.0,12978.0,13519.0
A_100_ABS39_100_1.prp,27657.0,17329.0,18961.0,12793.0,12724.0,14359.0
A_100_ABS39_100_2.prp,30180.0,17289.0,19637.0,13685.0,12419.0,13026.0
A_100_ABS39_100_3.prp,30700.0,18805.0,21337.0,14526.0,12870.0,15368.0
A_100_ABS39_100_4.prp,29343.0,15623.0,17186.0,12075.0,11855.0,15048.0
A_100_ABS39_100_5.prp,30897.0,17999.0,21546.0,13459.0,11984.0,16445.0
A_100_ABS3_100_1.prp,13578.0,8527.0,9477.0,6859.0,6434.0,6708.0
A_100_ABS3_100_2.prp,15090.0,8645.0,9817.0,6489.0,6230.0,6657.0
A_100_ABS3_100_3.prp,15358.0,9325.0,10677.0,7549.0,6451.0,7681.0
A_100_ABS3_100_4.prp,14672.0,7814.0,8591.0,7341.0,6457.0,7523.0
A_100_ABS3_100_5.prp,15448.0,9066.0,10769.0,6854.0,7057.0,8250.0
A_100_ABS40_100_1.prp,22833.0,14565.0,15241.0,11860.0,12018.0,11566.0
A_100_ABS40_100_2.prp,23459.0,13042.0,14530.0,12465.0,10882.0,11367.0
A_100_ABS40_100_3.prp,24553.0,16559.0,15900.0,12714.0,10339.0,10957.0
A_100_ABS40_100_4.prp,25412.0,13648.0,12342.0,12343.0,10933.0,11114.0
A_100_ABS40_100_5.prp,23013.0,14698.0,16151.0,11553.0,11339.0,12755.0
A_100_ABS41_100_1.prp,23950.0,14933.0,16283.0,13146.0,10932.0,12171.0
A_100_ABS41_100_2.prp,26761.0,14035.0,17647.0,12552.0,11561.0,12929.0
A_100_ABS41_100_3.prp,26371.0,15625.0,16497.0,13142.0,11910.0,12394.0
A_100_ABS41_100_4.prp,26114.0,14563.0,14688.0,12631.0,11752.0,12310.0
A_100_ABS41_100_5.prp,25532.0,15412.0,16343.0,12524.0,12978.0,13519.0
A_100_ABS42_100_1.prp,27657.0,17329.0,18961.0,12793.0,12724.0,14359.0
A_100_ABS42_100_2.prp,30180.0,17289.0,19637.0,13685.0,12419.0,13026.0
A_100_ABS42_100_3.prp,30700.0,18805.0,21337.0,14526.0,12870.0,15368.0
A_100_ABS42_100_4.prp,29343.0,15623.0,17186.0,12075.0,11855.0,15048.0
A_100_ABS42_100_5.prp,30897.0,17999.0,21546.0,13459.0,11984.0,16445.0
A_100_ABS43_100_1.prp,22833.0,14565.0,15241.0,11860.0,12018.0,11566.0
A_100_ABS43_100_2.prp,23459.0,13042.0,14530.0,12465.0,10882.0,11367.0
A_100_ABS43_100_3.prp,24553.0,16559.0,15900.0,12714.0,10339.0,10957.0
A_100_ABS43_100_4.prp,25412.0,13648.0,12342.0,12343.0,10933.0,11114.0
A_100_ABS43_100_5.prp,23013.0,14698.0,16151.0,11553.0,11339.0,12755.0
A_100_ABS44_100_1.prp,23950.0,14933.0,16283.0,13146.0,10932.0,12171.0
A_100_ABS44_100_2.prp,26761.0,14035.0,17647.0,12552.0,11561.0,12929.0
A_100_ABS44_100_3.prp,26371.0,15625.0,16497.0,13142.0,11910.0,12394.0
A_100_ABS44_100_4.prp,26114.0,14563.0,14688.0,12631.0,11752.0,12310.0
A_100_ABS44_100_5.prp,25532.0,15412.0,16343.0,12524.0,12978.0,13519.0
A_100_ABS45_100_1.prp,27657.0,17329.0,18961.0,12793.0,12724.0,14359.0
A_100_ABS45_100_2.prp,30180.0,17289.0,19637.0,13685.0,12419.0,13026.0
A_100_ABS45_100_3.prp,30700.0,18805.0,21337.0,14526.0,12870.0,15368.0
A_100_ABS45_100_4.prp,29343.0,15623.0,17186.0,12075.0,11855.0,15048.0
A_100_ABS45_100_5.prp,30897.0,17999.0,21546.0,13459.0,11984.0,16445.0
A_100_ABS46_100_1.prp,22833.0,14565.0,15241.0,11860.0,12018.0,11566.0
A_100_ABS46_100_2.prp,23459.0,13042.0,14530.0,12465.0,10882.0,11367.0
A_100_ABS46_100_3.prp,24553.0,16559.0,15900.0,12714.0,10339.0,10957.0
A_100_ABS46_100_4.prp,25412.0,13648.0,12342.0,12343.0,10933.0,11114.0
A_100_ABS46_100_5.prp,23013.0,14698.0,16151.0,11553.0,11339.0,12755.0
A_100_ABS47_100_1.prp,23950.0,14933.0,16283.0,13146.0,10932.0,12171.0
A_100_ABS47_100_2.prp,26761.0,14035.0,17647.0,12552.0,11561.0,12929.0
A_100_ABS47_100_3.prp,26371.0,15625.0,16497.0,13142.0,11910.0,12394.0
A_100_ABS47_100_4.prp,26114.0,14563.0,14688.0,12631.0,11752.0,12310.0
A_100_ABS47_100_5.prp,25532.0,15412.0,16343.0,12524.0,12978.0,13519.0
A_100_ABS48_100_1.prp,27657.0,17329.0,18961.0,12793.0,12724.0,14359.0
A_100_ABS48_100_2.prp,30180.0,17289.0,19637.0,13685.0,12419.0,13026.0
A_100_ABS48_100_3.prp,30700.0,18805.0,21337.0,14526.0,12870.0,15368.0
A_100_ABS48_100_4.prp,29343.0,15623.0,17186.0,12075.0,11855.0,15048.0
A_100_ABS48_100_5.prp,30897.0,17999.0,21546.0,13459.0,11984.0,16445.0
A_100_ABS49_100_1.prp,57095.0,35423.0,38573.0,29809.0,29043.0,28554.0
A_100_ABS49_100_2.prp,59110.0,33252.0,36431.0,30792.0,27139.0,28803.0
A_100_ABS49_100_3.prp,64419.0,41726.0,39743.0,30399.0,28260.0,27096.0
A_100_ABS49_100_4.prp,63538.0,33794.0,30128.0,28112.0,27427.0,27925.0
A_100_ABS49_100_5.prp,57596.0,36922.0,40398.0,30080.0,28892.0,31941.0
A_100_ABS4_100_1.prp,11528.0,7013.0,7716.0,6670.0,5634.0,5689.0
A_100_ABS4_100_2.prp,11680.0,6649.0,7250.0,6546.0,5340.0,5757.0
A_100_ABS4_100_3.prp,12957.0,8034.0,7945.0,6330.0,5210.0,5375.0
A_100_ABS4_100_4.prp,12710.0,6715.0,6175.0,6212.0,5286.0,5563.0
A_100_ABS4_100_5.prp,11469.0,7568.0,8077.0,6527.0,5598.0,6490.0
A_100_ABS50_100_1.prp,59881.0,36447.0,40745.0,32926.0,28385.0,31218.0
A_100_ABS50_100_2.prp,66900.0,35097.0,43674.0,31390.0,28925.0,32702.0
A_100_ABS50_100_3.prp,65962.0,39061.0,41195.0,28982.0,29774.0,31197.0
A_100_ABS50_100_4.prp,60904.0,36014.0,36693.0,32556.0,28925.0,30796.0
A_100_ABS50_100_5.prp,63843.0,38779.0,41118.0,30687.0,32249.0,33803.0
A_100_ABS51_100_1.prp,68492.0,42646.0,47374.0,32072.0,29850.0,38240.0
A_100_ABS51_100_2.prp,75453.0,43400.0,49086.0,35182.0,32057.0,33155.0
A_100_ABS51_100_3.prp,76788.0,46839.0,53315.0,32094.0,32136.0,35096.0
A_100_ABS51_100_4.prp,73360.0,39039.0,42982.0,30210.0,29395.0,37621.0
A_100_ABS51_100_5.prp,77260.0,45032.0,53864.0,33096.0,29999.0,41126.0
A_100_ABS52_100_1.prp,57095.0,35423.0,38573.0,29809.0,29043.0,28554.0
A_100_ABS52_100_2.prp,59110.0,33252.0,36431.0,30792.0,27139.0,28803.0
A_100_ABS52_100_3.prp,64419.0,41726.0,39743.0,30399.0,28260.0,27096.0
A_100_ABS52_100_4.prp,63538.0,33794.0,30128.0,28112.0,27427.0,27925.0
A_100_ABS52_100_5.prp,57596.0,36922.0,40398.0,30080.0,28892.0,31941.0
A_100_ABS53_100_1.prp,59881.0,36447.0,40745.0,32926.0,28385.0,31218.0
A_100_ABS53_100_2.prp,66900.0,35097.0,43674.0,31390.0,28925.0,32702.0
A_100_ABS53_100_3.prp,65962.0,39061.0,41195.0,28982.0,29774.0,31197.0
A_100_ABS53_100_4.prp,60904.0,36014.0,36693.0,32556.0,28925.0,30796.0
A_100_ABS53_100_5.prp,63843.0,38779.0,41118.0,30687.0,32249.0,33803.0
A_100_ABS54_100_1.prp,68492.0,42646.0,47374.0,32072.0,29850.0,38240.0
A_100_ABS54_100_2.prp,75453.0,43400.0,49086.0,35182.0,32057.0,33155.0
A_100_ABS54_100_3.prp,76788.0,46839.0,53315.0,32094.0,32136.0,35096.0
A_100_ABS54_100_4.prp,73360.0,39039.0,42982.0,30210.0,29395.0,37621.0
A_100_ABS54_100_5.prp,77260.0,45032.0,53864.0,33096.0,29999.0,41126.0
A_100_ABS55_100_1.prp,57095.0,35423.0,38573.0,29809.0,29043.0,28554.0
A_100_ABS55_100_2.prp,59110.0,33252.0,36431.0,30792.0,27139.0,28803.0
A_100_ABS55_100_3.prp,64419.0,41726.0,39743.0,30399.0,28260.0,27096.0
A_100_ABS55_100_4.prp,63538.0,33794.0,30128.0,28112.0,27427.0,27925.0
A_100_ABS55_100_5.prp,57596.0,36922.0,40398.0,30080.0,28892.0,31941.0
A_100_ABS56_100_1.prp,59881.0,36447.0,40745.0,32926.0,28385.0,31218.0
A_100_ABS56_100_2.prp,66900.0,35097.0,43674.0,31390.0,28925.0,32702.0
A_100_ABS56_100_3.prp,65962.0,39061.0,41195.0,28982.0,29774.0,31197.0
A_100_ABS56_100_4.prp,60904.0,36014.0,36693.0,32556.0,28925.0,30796.0
A_100_ABS56_100_5.prp,63843.0,38779.0,41118.0,30687.0,32249.0,33803.0
A_100_ABS57_100_1.prp,68492.0,42646.0,47374.0,32072.0,29850.0,38240.0
A_100_ABS57_100_2.prp,75453.0,43400.0,49086.0,35182.0,32057.0,33155.0
A_100_ABS57_100_3.prp,76788.0,46839.0,53315.0,32094.0,32136.0,35096.0
A_100_ABS57_100_4.prp,73360.0,39039.0,42982.0,30210.0,29395.0,37621.0
A_100_ABS57_100_5.prp,77260.0,45032.0,53864.0,33096.0,29999.0,41126.0
A_100_ABS58_100_1.prp,57095.0,35423.0,38573.0,29809.0,29043.0,28554.0
A_100_ABS58_100_2.prp,59110.0,33252.0,36431.0,30792.0,27139.0,28803.0
A_100_ABS58_100_3.prp,64419.0,41726.0,39743.0,30399.0,28260.0,27096.0
A_100_ABS58_100_4.prp,63538.0,33794.0,30128.0,28112.0,27427.0,27925.0
A_100_ABS58_100_5.prp,57596.0,36922.0,40398.0,30080.0,28892.0,31941.0
A_100_ABS59_100_1.prp,59881.0,36447.0,40745.0,32926.0,28385.0,31218.0
A_100_ABS59_100_2.prp,66900.0,35097.0,43674.0,31390.0,28925.0,32702.0
A_100_ABS59_100_3.prp,65962.0,39061.0,41195.0,28982.0,29774.0,31197.0
A_100_ABS59_100_4.prp,60904.0,36014.0,36693.0,32556.0,28925.0,30796.0
A_100_ABS59_100_5.prp,63843.0,38779.0,41118.0,30687.0,32249.0,33803.0
A_100_ABS5_100_1.prp,11973.0,7222.0,8149.0,6187.0,5934.0,6244.0
A_100_ABS5_100_2.prp,13160.0,6983.0,8602.0,6243.0,5793.0,6527.0
A_100_ABS5_100_3.prp,13192.0,7896.0,8238.0,7349.0,5940.0,6294.0
A_100_ABS5_100_4.prp,12182.0,7189.0,7353.0,6514.0,5843.0,6199.0
A_100_ABS5_100_5.prp,12769.0,8023.0,8219.0,6319.0,6201.0,6792.0
A_100_ABS60_100_1.prp,68492.0,42646.0,47374.0,32072.0,29850.0,38240.0
A_100_ABS60_100_2.prp,75453.0,43400.0,49086.0,35182.0,32057.0,33155.0
A_100_ABS60_100_3.prp,76788.0,46839.0,53315.0,32094.0,32136.0,35096.0
A_100_ABS60_100_4.prp,73360.0,39039.0,42982.0,30210.0,29395.0,37621.0
A_100_ABS60_100_5.prp,77260.0,45032.0,53864.0,33096.0,29999.0,41126.0
A_100_ABS61_100_1.prp,114183.0,73181.0,76225.0,64727.0,55481.0,57407.0
A_100_ABS61_100_2.prp,117296.0,65216.0,72671.0,54893.0,54432.0,56960.0
A_100_ABS61_100_3.prp,128851.0,82966.0,79484.0,62389.0,51916.0,54861.0
A_100_ABS61_100_4.prp,127057.0,67962.0,61726.0,57122.0,55283.0,55585.0
A_100_ABS61_100_5.prp,115071.0,72872.0,80791.0,61452.0,57899.0,63547.0
A_100_ABS62_100_1.prp,119778.0,74689.0,81496.0,65747.0,57149.0,62332.0
A_100_ABS62_100_2.prp,131618.0,70190.0,88267.0,68285.0,57733.0,64805.0
A_100_ABS62_100_3.prp,131888.0,78641.0,82484.0,63519.0,63309.0,61451.0
A_100_ABS62_100_4.prp,130562.0,72798.0,73355.0,64671.0,58680.0,61543.0
A_100_ABS62_100_5.prp,127673.0,75857.0,81735.0,62644.0,62064.0,67610.0
A_100_ABS63_100_1.prp,138287.0,86889.0,94800.0,61993.0,64849.0,74666.0
A_100_ABS63_100_2.prp,150881.0,86774.0,98196.0,68424.0,58648.0,66327.0
A_100_ABS63_100_3.prp,153502.0,94016.0,106653.0,72241.0,63999.0,76695.0
A_100_ABS63_100_4.prp,146729.0,79030.0,85962.0,60369.0,58395.0,75240.0
A_100_ABS63_100_5.prp,154485.0,90035.0,107726.0,62505.0,60107.0,82234.0
A_100_ABS64_100_1.prp,114183.0,73181.0,76225.0,64727.0,55481.0,57407.0
A_100_ABS64_100_2.prp,117296.0,65216.0,72671.0,54893.0,54432.0,56960.0
A_100_ABS64_100_3.prp,128851.0,82966.0,79484.0,62389.0,51916.0,54861.0
A_100_ABS64_100_4.prp,127057.0,67962.0,61726.0,57122.0,55283.0,55585.0
A_100_ABS64_100_5.prp,115071.0,72872.0,80791.0,61452.0,57899.0,63547.0
A_100_ABS65_100_1.prp,119778.0,74689.0,81496.0,65747.0,57149.0,62332.0
A_100_ABS65_100_2.prp,131618.0,70190.0,88267.0,68285.0,57733.0,64805.0
A_100_ABS65_100_3.prp,131888.0,78641.0,82484.0,63519.0,63309.0,61451.0
A_100_ABS65_100_4.prp,130562.0,72798.0,73355.0,64671.0,58680.0,61543.0
A_100_ABS65_100_5.prp,127673.0,75857.0,81735.0,62644.0,62064.0,67610.0
A_100_ABS66_100_1.prp,138287.0,86889.0,94800.0,61993.0,64849.0,74666.0
A_100_ABS66_100_2.prp,150881.0,86774.0,98196.0,68424.0,58648.0,66327.0
A_100_ABS66_100_3.prp,153502.0,94016.0,106653.0,72241.0,63999.0,76695.0
A_100_ABS66_100_4.prp,146729.0,79030.0,85962.0,60369.0,58395.0,75240.0
A_100_ABS66_100_5.prp,154485.0,90035.0,107726.0,62505.0,60107.0,82234.0
A_100_ABS67_100_1.prp,114183.0,73181.0,76225.0,64727.0,55481.0,57407.0
A_100_ABS67_100_2.prp,117296.0,65216.0,72671.0,54893.0,54432.0,56960.0
A_100_ABS67_100_3.prp,128851.0,82966.0,79484.0,62389.0,51916.0,54861.0
A_100_ABS67_100_4.prp,127057.0,67962.0,61726.0,57122.0,55283.0,55585.0
A_100_ABS67_100_5.prp,115071.0,72872.0,80791.0,61452.0,57899.0,63547.0
A_100_ABS68_100_1.prp,119778.0,74689.0,81496.0,65747.0,57149.0,62332.0
A_100_ABS68_100_2.prp,131618.0,70190.0,88267.0,68285.0,57733.0,64805.0
A_100_ABS68_100_3.prp,131888.0,78641.0,82484.0,63519.0,63309.0,61451.0
A_100_ABS68_100_4.prp,130562.0,72798.0,73355.0,64671.0,58680.0,61543.0
A_100_ABS68_100_5.prp,127673.0,75857.0,81735.0,62644.0,62064.0,67610.0
A_100_ABS69_100_1.prp,138287.0,86889.0,94800.0,61993.0,64849.0,74666.0
A_100_ABS69_100_2.prp,150881.0,86774.0,98196.0,68424.0,58648.0,66327.0
A_100_ABS69_100_3.prp,153502.0,94016.0,106653.0,72241.0,63999.0,76695.0
A_100_ABS69_100_4.prp,146729.0,79030.0,85962.0,60369.0,58395.0,75240.0
A_100_ABS69_100_5.prp,154485.0,90035.0,107726.0,62505.0,60107.0,82234.0
A_100_ABS6_100_1.prp,13578.0,8527.0,9477.0,6859.0,6434.0,6708.0
A_100_ABS6_100_2.prp,15090.0,8645.0,9817.0,6489.0,6230.0,6657.0
A_100_ABS6_100_3.prp,15358.0,9325.0,10677.0,7549.0,6451.0,7681.0
A_100_ABS6_100_4.prp,14672.0,7814.0,8591.0,7341.0,6457.0,7523.0
A_100_ABS6_100_5.prp,15448.0,9066.0,10769.0,6854.0,7057.0,8250.0
A_100_ABS70_100_1.prp,114183.0,73181.0,76225.0,64727.0,55481.0,57407.0
A_100_ABS70_100_2.prp,117296.0,65216.0,72671.0,54893.0,54432.0,56960.0
A_100_ABS70_100_3.prp,128851.0,82966.0,79484.0,62389.0,51916.0,54861.0
A_100_ABS70_100_4.prp,127057.0,67962.0,61726.0,57122.0,55283.0,55585.0
A_100_ABS70_100_5.prp,115071.0,72872.0,80791.0,61452.0,57899.0,63547.0
A_100_ABS71_100_1.prp,119778.0,74689.0,81496.0,65747.0,57149.0,62332.0
A_100_ABS71_100_2.prp,131618.0,70190.0,88267.0,68285.0,57733.0,64805.0
A_100_ABS71_100_3.prp,131888.0,78641.0,82484.0,63519.0,63309.0,61451.0
A_100_ABS71_100_4.prp,130562.0,72798.0,73355.0,64671.0,58680.0,61543.0
A_100_ABS71_100_5.prp,127673.0,75857.0,81735.0,62644.0,62064.0,67610.0
A_100_ABS72_100_1.prp,138287.0,86889.0,94800.0,61993.0,64849.0,74666.0
A_100_ABS72_100_2.prp,150881.0,86774.0,98196.0,68424.0,58648.0,66327.0
A_100_ABS72_100_3.prp,153502.0,94016.0,106653.0,72241.0,63999.0,76695.0
A_100_ABS72_100_4.prp,146729.0,79030.0,85962.0,60369.0,58395.0,75240.0
A_100_ABS72_100_5.prp,154485.0,90035.0,107726.0,62505.0,60107.0,82234.0
A_100_ABS73_100_1.prp,11528.0,7013.0,7716.0,6670.0,5634.0,5689.0
A_100_ABS73_100_2.prp,11680.0,6649.0,7250.0,6546.0,5340.0,5757.0
A_100_ABS73_100_3.prp,12957.0,8034.0,7945.0,6330.0,5210.0,5375.0
A_100_ABS73_100_4.prp,12710.0,6715.0,6175.0,6212.0,5286.0,5563.0
A_100_ABS73_100_4.prp,12710.0,6715.0,6175.0,6212.0,5286.0,5563.0
A_100_ABS73_100_5.prp,11469.0,7568.0,8077.0,6527.0,5598.0,6490.0
A_100_ABS74_100_1.prp,11973.0,7222.0,8149.0,6187.0,5934.0,6244.0
A_100_ABS74_100_2.prp,13160.0,6983.0,8602.0,6243.0,5793.0,6527.0
A_100_ABS74_100_3.prp,13192.0,7896.0,8238.0,7349.0,5940.0,6294.0
A_100_ABS74_100_4.prp,12182.0,7189.0,7353.0,6514.0,5843.0,6199.0
